Sentence,Sign Language
මම නිරෝගී කෑම කන්න කැමතියි,මම නිරෝගී කෑම කනවා කැමති
මගේ අක්කා පොතක් ලියනවා,මගේ අක්කා පොත ලියනවා
මම තැඹිලි පාටට කැමතියි,මම තැඹිලි පාට කැමති
මම දන්නවා නැන්දා නරකයි කියලා,මම දන්නවා නැන්දා නරක
හොරා වේගයෙන් දිව්වා,හොරා වේගවත් දුවනවා
පොලිසිය හොරා ලුහුබදිනවා,පොලිසිය හොරා ලුහුබදිනවා
පුතා පරිගණකය හදනවා,පුතා පරිගණකය හදනවා
අපි පන්සලට හෙට යනවා,අපි පන්සල හෙට යනවා
මේසය උඩ පොතක් තියෙනවා,මේසය උඩ පොත තියෙනවා
වෛද්‍යවරයා රෝහලේ වැඩකරනවා,වෛද්‍යවරයා රෝහල වැඩකරනවා
අයියයි නංගියි සෙල්ලම්කරනවා,අයියා නංගි සෙල්ලම්කරනවා
තාත්තා දොරේ අගුල හදනවා,තාත්තා දොර අගුල හදනවා
ඇය ඇදුම් ඉරනවා,ඇය ඇදුම ඉරනවා
අම්මා ආහාර උයනවා,අම්මා කෑම උයනවා
ඊයේ මම චිත්‍රපටයක් බැලුවා,ඊයේ මම චිත්‍රපටය බලනවා
අපි ඉරිදාට පල්ලියේදී හමුවෙමු,අපි ඉරිදා පල්ලිය හමුවෙනවා
මල්ලි අන්තර්ජාලයේ චිත්‍රපටය හොයනවා,මල්ලි අන්තර්ජාලය චිත්‍රපටය සොයනවා
ඇය බබාට තොප්පිය පලදනවා,ඇය බබා තොප්පිය පලදනවා
මම හෙට බසයේ බැංකුවට යනවා,මම හෙට බස් බැංකුව යනවා
අගහරුවාදා ඔහු පියා සමග බැංකුවට යනවා,අගහරුවාදා ඔහු තාත්තා සමග බැංකුව යනවා
මම නංගි සමග දුරකතනයෙන් කතා කරනවා,මම නංගි සමග දුරකතනය කතාකරනවා
මගේ සහෝදරයා රෝහලේ සිටී,මගේ සහෝදරයා රෝහල ඉන්නවා
දින දෙකකට පසුව මම නිවසට එනවා,දින දෙක පස්සේ මම නිවස එනවා
සහොදරී බෑගය ඇතුලේ පොත සොයනවා,අක්කා බෑගය ඇතුල පොත සොයනවා
මට දුම්රිය එනවා පේනවා,මට දුම්රිය එනවා දකිනවා
"ආයුබෝවන් , ඔයාට කොහොමද",ආයුබෝවන් ඔයා කොහොමද
"ස්තුතියි , ඔයාට කොහොමද",ස්තුතියි ඔයා කොහොමද
කාගේද මේසය උඩ තිබෙන බෑගය,කාගේද මේසය උඩ තියෙනවා බෑගය
අද සීතල උදෑසනක්,අද සීතල උදෑසන
ඔහු හොද ක්‍රීඩකයෙක්,ඔහු හොද ක්‍රීඩකයා
මේ ගැටලුව අමාරුයි,මේ ගැටලුව අමාරු
ඒක වේගවත් බසයක්,ඒක වේගය බස්
ඔහු වේගවත් ක්‍රීඩකයෙක්,ඔහු වේගය ක්‍රීඩකයා
මම ඔබගේ ඇදුමට කැමති නෑ,මම ඔයා ඇදුම කැමති නෑ
බබා මාර්ගයේ දුවනවා,බබා මාර්ගය දුවනවා
මම දැන් ආහාරය කනවා.,මම දැන් කෑම කනවා
අයියා බල්ලා මිලදීගන්නවා,අයියා බල්ලා මිලදීගන්නවා
ඔහු සුදු තොප්පියක් පළදිනවා,ඔහු සුදු තොප්පිය පළදිනවා
මම ඔයාගේ නංගිට ආදරෙයි,මම ඔයා නංගිට ආදරෙයි
එයා රෝස මලක් ගෙනාවා,එයා රෝස මල ගෙනෙනවා
අපිට අද නිදහස් වේලාවක් තිබුණා,අපිට අද නිදහස වේලාව තියෙනවා
ඔයා අද බැංකුවට ගියා ද?,ඔයා අද බැංකුවට යනවා ද
අපි ගෙදරට යනවිට සාප්පුවෙන් කිරි ගන්නවා,අපි ගෙදර යනවා සාපිපුව කිරි ගන්නවා
ඔයට කොපමණ මුදල් ඕනා ද?,ඔයා කොපමණ මුදල් ඕනා ද
ඔයාගේ නිල් ඇඳුම ලස්සනයි,ඔයා නිල් ඇදුම ලස්සන
තාත්තා රෝහලේ වැඩ කරනවා,තාත්තා රෝහල වැඩකරනවා
මගේ අයියා පාසල වෙත යනවා,මගේ අයියා පාසල යනවා
ඊයේ මම පොත් මිලදී ගත්තා,ඊයේ මම පොත මිලදීගන්නවා
අම්මා මට පාසලට යන්න මග පෙන්නනවා,අම්මා මට පාසල යන්න මඟපෙන්වනවා
"මම දන්නවා , මට ඒක පුලුවන්",මම දන්නවා මට ඒක පුලුවන්
මම හෙට උදේ නැගිටිනවා,මම හෙට උදේ නැගිටිනවා
ඔයා ඊළඟ දොරටුව වෙත යන්න,ඔයා ඊළඟ දොර යනවා
කණ්ඩායම අමාරු පොතක් ලියනවා,කණ්ඩායම අමාරු පොත ලියනවා
අද කාලගුණය සීතලයි,අද කාලගුණය සීතල
ඔයාගේ සාය සිනිදුයි,ඔයා සාය සිනිදු
අලියා ඊයේ ගෙදර කැඩුවා,අලියා ඊයේ ගෙදර කඩනවා
හොරා අගුල කඩනවා,හොරා අගුල කඩනවා
බබා අම්මා ළග නිදියනවා,බබා අම්මා ළග නිදියනවා
නැන්දා අම්මාට වඩා මහතයි,නැන්දා අම්මා මහත
තාත්තා අම්මාට ලැයිස්තුව පෙන්නනවා,තාත්තා අම්මා ලැයිස්තුව පෙන්වනවා
ඔවුන් මාර්ගයේ ඇවිදිනවා,ඔවුන් මාර්ගය ඇවිදිනවා
අද අහසේ සඳ ලස්සනයි,අද අහස සඳ ලස්සන
මගේ ගෙදර යතුර බෑගයේ තිබෙනවා,මගේ ගෙදර යතුර බෑගය තියෙනවා
ඔයා අමාරු ගැටලුව තෝරගන්න,ඔයා අමාරු ගැටලුව තෝරනවා
ඔහු මට කෙටි පණිවිඩ යවනවා,ඔහු මට කෙටිපණිවිඩයවනවා
ඔහු ඉක්මනින් වැඩ කරනවා,ඔහු ඉක්මනින් වැඩකරනවා
ඔබේ මනස ශක්තිමත් කරන්න,ඔයා මනස ශක්තිමත්
අප ගුවන් ගුවන්තොටුපළ ට ගියා,අපි ගුවන්තොටුපළ යනවා
මගේ අයියා වෛද්‍යවරයෙක්,මගේ අයියා වෛද්‍යවරයා
මගේ නැන්දා අද එනවා,මගේ නැන්දා අද එනවා
බබා නිදාගෙන ඉන්නවා,බබා නිදියනවා ඉන්නවා
ඔහුට පොත් දහනවයක් තිබුණා,ඔහු පොත දහනවය තියෙනවා
නොවැම්බර් සීතල මාසයකි,නොවැම්බර් සීතල මාසය
ජනවාරි නව වසරේ පළමු මාසයයි,ජනවාරි අලුත් අදුරුද්ද එක මාසය
"ඔව්, මට එන්න පුලුවන්","ඔව්, මට එන්න පුලුවන්"
අඟහරුවාදා පාඩම් කරමු,අඟහරුවාදා පාඩම්කරනවා
මම හවස ගෙදර යනවා,මම හවස ගෙදර යනවා
එම මල රතු යි,ඒක මල රතු
මම කවදාවත් එතනට යන්නේ නැහැ,මම ඒ යනවා නෑ
ඔහු දැන් නැවතත් එනවා,ඔහු දැන් නැවතත් එනවා
ඔහු ශක්තිමත් මිනිසෙකි,ඔහු ශක්තිමත් මිනිසා
ඔහු මගේ ජ්‍යෙෂ්ඨ නිලධාරියා,ඔහු මගේ ජ්‍යෙෂ්ඨ නිලධාරියා
අප දෙදෙනාගේ අදහස් එකම යි,අපි අදහස එකම
ඔහු පොහොසත් පුද්ගලයෙකි,ඔහු පොහොසත් පුද්ගල‍යා
මේක පැරණි ගොඩනැගිල්ලකි,මේක පැරණි ගොඩනැගිල්ල
ඊළඟ දවසට හමුවෙමු,ඊළඟ දවස හමුවෙනවා
නරක ආහාර සෞඛ්‍යයට අහිතකරයි,නරක කෑම සෞඛ්‍යය හොඳ නෑ
හෙලෝ! ඔබට කොහොමද?,හෙලෝ ඔයා කොහොමද
මම සිනාසෙනවා,මම සිනාසෙනවා
මම ඔබට කතා කරන්න කැමතියි.,මම ඔයා කතාකරනවා කැමති
ඔහු කතාකරනවා,ඔහු කතාකරනවා
මම ජංගම දුරකථනය භාවිතා කරනවා,මම ජංගමදුරකථනය භාවිතාකරනවා
මට සමාවෙන්න,මට සමාව
මම ඔයාට ආදරෙයි,මම ඔයා ආදරෙයි
මම තාක්ෂණය භාවිතා කිරීමට කැමතියි.,මම තාක්ෂණය භාවිතාකරනවා කැමති
මගේ දුරකථනය වැඩකරනවා,මගේ දුරකථනය වැඩකරනවා
මගේ අම්මා රෙදි හෝදනවා,මගේ අම්මා රෙදිහෝදනවා
මම පාඩම් කරනවා,මම පාඩම්කරනවා
දුක් වෙන්න එපා,දුක එපා
ඔයාට අද එන්න පුලුවන්ද,ඔයා අද එන්න පුලුවන් ද
"ඔව්, ඔබව හමුවීම සතුටක්",ඔව් ඔයා හමුවෙනවා සතුට
ඔබ දක්ශයි,ඔයා දක්ශ
මට සතුටුයි,මට සතුට
මට ගොඩක් දුකයි,මට ගොඩක් දුක
තරහ වෙන්න එපා,තරහා එපා
ඔවුන් චිත්‍රපටය බලනවා,ඔවුන් චිත්‍රපටය බලනවා
මගේ මුදල් මේසය උඩ,මගේ මුදල් මේසය මත
හරි මම හිතනවා,හරි මම හිතනවා
ඔවුන් හෙට හමුවෙනවා,ඔවුන් හෙට හමුවෙනවා
ඔවුන් හිනාවෙනවා,ඔවුන් සිනාසෙනවා
අපි හෙට පාසලට යමු,අපි හෙට පාසල යනවා
මම බසයෙන් එනවා,මම බසයෙන් එනවා
ඔහුට යතුරුපැදියක් තියෙනවා,ඔහුට යතුරුපැදිය තියෙනවා
අපි දුම්රියෙන් එනවා,අපි දුම්රිය එනවා
මම ගුවන්යානයක වැඩකරනවා,මම ගුවන්යානය වැඩකරනවා
ඇය පාපැදියෙන් පාසලට යනවා,ඇය පාපැදිය පාසල යනවා
මම ඔහුට කාලගුණය පෙන්වනවා,මම ඔහු කාලගුණය පෙන්වනවා
මම ඇයට ගුවන්තොටුපළ පෙන්වනවා,මම ඇයට ගුවන්තොටුපළ පෙන්වනවා
ඔහු මට වේලාව පෙන්වනවා,ඔහු මට වේලාව පෙන්වනවා
මාමා ලස්සන නිවසට යනවා,මාමා ලස්සන නිවස යනවා
බිරිඳ කැත රෝස සායක් මිලදී ගන්නවා,බිරිඳ කැත රෝස සාය මිලදීගන්නවා
දුව පොත පාඩම් කරනවා,දුව පොත පාඩම්කරනවා
මාර්ගයේ කිසිවක් නැත,මාර්ගය නෑ
මම හෙට කණ්ඩායම මෙහෙයවනවා,මම හෙට කණ්ඩායම මෙහෙයවනවා
ඇය හෙට රෝස සාරිය අදිනවා,ඇය හෙට රෝස සාරිය
දරුවන් පාසලට යනවා,දරුවන් පාසල යනවා
මල්ලී පොතේ ලියනවා,මල්ලී පොත ලියනවා
මල්ලී පොතේ ගැටලුව ලියනවා,මල්ලී පොත ගැටලුව ලියනවා
දුම්රිය වේගවත්ව යනවා,දුම්රිය වේගවත් යනවා
අම්මා හෙට හවස පාසලට යනවා,අම්මා හෙට හවස පාසල යනවා
මම හෙට හවස පාසලට යනවා,මම හෙට හවස පාසල යනවා
මම හෙට හවස ගෙදර යනවා,මම හෙට හවස ගෙදර යනවා
තාත්තා මාර්ගයේ ඇවිදිනවා,තාත්තා මාර්ගය ඇවිදිනවා
බල්ලා මාර්ගයේ ඇවිදිනවා,බල්ලා මාර්ගය ඇවිදිනවා
බළලා මාර්ගයේ ඇවිදිනවා,බළලා මාර්ගය ඇවිදිනවා
අද කණ්ඩායම ගුවන්තොටුපළට පැමිණෙනවා,අද කණ්ඩායම ගුවන්තොටුපළ එනවා
ඔබට ස්තූතියි,ඔබට ස්තූතියි
ලේනා කිරි බොනවා,ලේනා කිරි බොනවා
අලියා මාර්ගයේ ඇවිදිනවා,අලියා මාර්ගය ඇවිදිනවා
මම පරිගණකය භාවිතාකරනවා,මම පරිගණකය භාවිතාකරනවා
තාත්තා පරිගණකය භාවිතාකරනවා,තාත්තා පරිගණකය භාවිතාකරනවා
අම්මා දරුවා ගැන හිතනවා,අම්මා දරුවා හිතනවා
වෛද්‍යවරයා අන්තර්ජාලය භාවිතාකරනවා,වෛද්‍යවරයා අන්තර්ජාලය භාවිතාකරනවා
වෛද්‍යවරයා පරිගණකය භාවිතාකරනවා,වෛද්‍යවරයා පරිගණකය භාවිතාකරනවා
වෛද්‍යවරයා ජංගමදුරකථනය භාවිතාකරනවා,වෛද්‍යවරයා ජංගමදුරකථනය භාවිතාකරනවා
දරුවන් කැමරාව භාවිතාකරනවා,දරුවන් කැමරාව භාවිතාකරනවා
දරුවන් පරිගණකය භාවිතාකරනවා,දරුවන් පරිගණකය භාවිතාකරනවා
දරුවන් අන්තර්ජාලය භාවිතාකරනවා,දරුවන් අන්තර්ජාලය භාවිතාකරනවා
අම්මා කාඩ්පත මිලදීගන්නවා,අම්මා කාඩ්පත මිලදීගන්නවා
ඔහු දැන් එනවා,ඔහු දැන් එනවා
ක්‍රීඩකයා කණ්ඩායමේ සෙල්ලම්කරනවා,ක්‍රීඩකයා කණ්ඩායම සෙල්ලම්කරනවා
මම රෝහලට යනවා,මම රෝහලට යනවා
ඔබට සුබ සන්ධ්‍යාවක්,ඔයා සුබසන්ධ්‍යාව
ඔබට සුබ උදෑසනක්,ඔබට සුබඋදෑසන
ඔබට සුබ රාත්‍රියක්,ඔබට සුබරාත්‍රිය
නංගි අඬනවා,නංගි අඬනවා
කන්ද පහල නිවස මගේ,කන්ද පහල නිවස මගේ
ඔහුගේ ඇස් ලස්සනයි,ඔහු ඇස් ලස්සන
ඇයගේ ඇස් ලස්සනයි,ඇය ඇස් ලස්සන
ඇයගේ බබා ලස්සනයි,ඇය බබා ලස්සන
සීයයි ආච්චීයි සිනාසෙනවා,සීයා ආච්චි සිනාසෙනවා
මල්ලී අම්මාට දුරකථනය දෙනවා,මල්ලී අම්මා දුරකථනය දෙනවා
අම්මා මට උදව් කරනවා,අම්මා මට උදව්කරනවා
පුතා පැන්සල සොයනවා,පුතා පැන්සල සොයනවා
"මම පරක්කු වෙලා නැගිට්ටොත් , බස් එක මගැරෙනවා",මම පරක්කු නැගිටිනවා බස් එක යනවා
"ඇය හොදින් ඉගෙන ගත්තොත්, ඇය විභාගය සමත් වෙයි",ඇය හොද ඉගෙනගන්නවා ඇය විභාග සමත්වෙනවා
"ඔහු වේගයෙන් දිව්වොත්, තරගය දිනන්න පුලුවන් වෙයි","ඔහු වේගවත් දුවනවා, ජයග්‍රහණයකරනවා පුලුවන්"
"ඔවුන් හොදට සෙල්ලම් කලොත්, තරගය දිනන්න පුලුවන් වෙයි",ඔවුන් හොද සෙල්ලම් ජයග්‍රහණයකරනවා පුලුවන්
වැස්සෙ නැත්නම් අපිට සෙල්ලම් කරන්න පුලුවන්,වහිනවා නෑ අපිට සෙල්ලම් පුලුවන්
මට දුරකථනය අමතක වුනා,මට දුරකථනය අමතක වෙනවා
"ඇය පොත් කියෙව්වොත්, ඇය දක්ශ ළමයෙක් වේවි",ඇය පොතබලනවා ඇය දක්ශ ළමයා
මම හැමදාම මාලු කන්නේ නෑ,මම හැමදාම මාලුවා කනවා නෑ
එයා තනියම පාඩම් කරන්න කැමති නෑ,එයා තනියම පාඩම්කරනවා කැමති නෑ
ඔහු දැන් මද්‍යසාර බොන්නේ නෑ,ඔහු දැන් මද්‍යසාර බොනවා නෑ
අපි අද රෑට චිත්‍රපටියක් බලන්නේ නෑ,අපි අද රෑ චිත්‍රපටිය බලනවා නෑ
එයාලා අද සෙල්ලම් කරන්නේ නෑ,ඔවුන් අද සෙල්ලම් නෑ
අපි හැමදාම ගෙදර පිරිසිදු කරන් නෑ,අපි හැමදාම ගෙදර පිරිසිදුකරනවා නෑ
එයාලා අද යාලුවන්ව හම්බවෙන්න යන්නේ නෑ,ඔවුන් අද යාලුවා හම්බවෙනවා යනවා නෑ
අක්කා රතු පාට සාය අදින්නේ නෑ,අක්කා රතු පාට සාය සායඅදිනවා නෑ
අද නැන්දා පාන් මිලදී ගන්නේ නෑ,අද නැන්දා පාන් මිලදීගන්නවා නෑ
ඔහු බයිසිකලයක් පදිනවා,ඔහු බයිසිකලය යනවා
අපි අද දවල් කෑම උයන් නෑ,අපි අද දවල් කෑම උයනවා නෑ
අද ඇය මල් පැල සිටවන්නේ නෑ,අද ඇය මල පැලසිටවනවා නෑ
ඔහු කාරය සෝදන්නේ නෑ,ඔහු මෝටර්රථය මෝටර්රථයහෝදනවා නෑ
මම හැමදාම උදේට තේ බොන්නේ නෑ,මම හැමදාම උදේ තේ බොනවා නෑ
ඇය බිත්තියට සුදු පාට තීන්ත ගාන්නේ නෑ,ඇය බිත්ති සුදු පාට තීන්තගානවා නෑ
ඔහු ගිටාරය වාදනය කරන්නේ නෑ,ඔහු ගිටාරය නෑ
අපි අද ඇදුම් මිලදී ගන්නේ නෑ,අපි අද ඇදුම මිලදීගන්නවා නෑ
ඔයා හැමදාම උදේට කිරි බොනවාද?,ඔයා හැමදාම උදේ කිරි බොනවා ද
ඔයා දැන් වතුර බොනවාද?,ඔයා දැන් වතුර බොනවා ද
බල්ලා පුටුව උඩ නිදාගෙන ඉන්නවාද?,බල්ලා පුටුව මත නිදියනවා ඉන්නවා ද
අපි අද රෑට චිත්‍රපටියක් බලනවාද?,අපි අද රෑ චිත්‍රපටිය බලනවා ද
වැස්ස ඉවර වුනහම එයාල සෙල්ලම් කරනවාද?,වැස්ස ඉවරයි ඔවුන් සෙල්ලම් ද
ඇය දැන් පොතක් කියවන ගමන්ද ඉන්නේ?,ඇය දැන් පොත පොත්බලනවා ඉන්නවා ද
පූසා මේසය උඩ නිදාගෙන ඉන්නවාද?,පූසා මේසය මත නිදියනවා ඉන්නවා ද
ඔයා හෙට නිල් පාට සාය අදිනවාද?,ඔයා හෙට නිල් පාට සාය සායඅදිනවා ද
මම හැමදාම උදේ කෑම කනවා.,මම හැමදාම උදේ කෑම කනවා
එයා හැමදාම පාසලට යනවා.,එයා හැමදාම පාසල යනවා
එයා දවල් කෑමෙන් පස්සේ වතුර බොනවා.,එයා දවල් කෑම පස්සේ වතුර බොනවා
බල්ලා පැදුරේ නිදාගන්නවා.,බල්ලා පැදුර නිදියනවා
අපි සති අන්තයේ චිත්‍රපට බලනවා.,අපි සතිඅන්තය චිත්‍රපටය බලනවා
එයාලා උද්‍යානයේ පාපන්දු සෙල්ලම් කරනවා.,ඔවුන් උද්‍යානය පාපන්දු
අද හිරු එළිය හොඳට බබළනවා.,අද හිරුඑළිය හොද බබළනවා
මම දවසට දෙපාරක් දත් මදිනවා,මම දවස දෙපාරක් දත්මදිනවා
එයා රෑට පොතක් කියවනවා.,එයා රෑ පොත පොත්බලනවා
එයා එයාගේ යාළුවාට ලිපියක් ලියනවා.,එයා එයා යාළුවා ලිපියක් ලියනවා.
පූසා පුටුවේ ඉඳගන්නවා.,පූසා පුටුව ඉන්නවා
අපි හැම ඉරිදාවකම ගෙදර පිරිසිදු කරනවා.,අපි හැම ඉරිදා ගෙදර පිරිසිදුකරනවා
එයාලා සතිපතා එයාලගේ ආච්චිලා සීයලා බලන්න යනවා.,ඔවුන් සතිපතා ඔවුන් ආච්චි සීයා බලනවා යනවා
මම අද නිල් කමිසයක් අඳිනවා.,මම අද නිල් කමිසය
එයා කඩෙන් පාන් ගන්නවා.,එයා කඩය පාන් ගන්නවා
එයා වැඩට බයිසිකලයක් පදිනවා.,එයා වැඩ බයිසිකලය යනවා
බබා තොටිල්ලේ අඬනවා,බබා තොටිල්ල අඬනවා
අපි කුස්සියේ රෑ කෑම උයනවා.,අපි කුස්සිය රෑ කෑම උයනවා
එයා බිත්තියේ චිත්‍ර අඳිනවා.,එයා බිත්තිය චිත්‍රය චිත්‍රඅදිනවා
මම සෑම සවසකම සංගීතයට සවන් දෙමි.,මම හැම හවස සින්දුව අහනවා
ඇය උයනේ මල් සිටුවයි.,ඇය උද්‍යානය මල පැලසිටවනවා
ඔහු සෙනසුරාදා කාර් එක හෝදනවා.,ඔහු සෙනසුරාදා මෝටර්රථය මෝටර්රථයහෝදනවා
කුරුල්ලා ගසේ ගායනා කරනවා.,කුරුල්ලා ගස සින්දුකියනවා
අපි තටාකයේ පීනනවා.,අපි තටාකය පීනනවා
ඔවුන් සෑම දහවල්ම ගණිතය ඉගෙන ගන්නවා.,ඔවුන් හැම දවල් ගණන ඉගෙනගන්නවා
මම උදේ කෝපි බොනවා.,මම උදේ කෝපි බොනවා
ඇය බිත්ති නිල් පාට කරනවා.,ඇය බිත්ති නිල් පාට තීන්තගානවා
ඔහු ගෙදර ගිටාරය වාදනය කරනවා.,ඔහු ගෙදර ගිටාරය
බල්ලා මිදුලේ දුවනවා.,බල්ලා මිදුල දුවනවා
අපි සිකුරාදා සිල්ලර බඩු කඩේ යනවා.,අපි සිකුරාදා කඩය යනවා
ඔවුන් වෙරළේ හිරු බැස යන ආකාරය නරඹනවා.,ඔවුන් වෙරළ හිරු බැසයනවා බලනවා
මම සෑම රාත්‍රියකම ස්නානය කරනවා.,මම හැම රෑ නානවා
ඇය ටැංකියේ මාළුන්ට කවනවා.,ඇය ටැංකිය මාලුවා කෑමදෙනවා
ඔහු ගරාජයේ බයිසිකලය අලුත්වැඩියා කරනවා.,ඔහු ගරාජය බයිසිකලය අලුත්වැඩියා
දරුවා පැන්සල් වලින් චිත්‍ර අඳිනවා.,දරුවා පැන්සල චිත්‍රය චිත්‍රඅදිනවා
අපි මාසිකව කෞතුකාගාරයට යනවා.,අපි මාසික කෞතුකාගාරය යනවා
ඔවුන් සති අන්තයේ වනාන්තරයේ ඇවිදිනවා.,ඔවුන් සතිඅන්තය වනාන්තරය ඇවිදිනවා
මම දිනපතා මගේ දිනපොතේ ලියනවා.,මම හැමදාම මගේ දිනය පොත ලියනවා
ඇය වෙළඳපොළෙන් එළවලු මිලදී ගනී.,ඇය කඩය එළවලු මිලදීගන්නවා
ඔහු සෑම සතියකම ඔහුගේ කාමරය පිරිසිදු කරයි.,ඔහු හැම සතිය ඔහු කාමරය පිරිසිදුකරනවා
බළලා මීයා පසුපස හඹා යයි.,පූසා මීයා පසුපස දුවනවා
අපි දවල්ට දිවා ආහාරය ගන්නවා.,අපි දවල්ට දිවා ආහාරය ගන්නවා.
ඔවුන් රාත්‍රියේ කාඩ් සෙල්ලම් කරනවා.,ඔවුන් රෑ කාඩ්සෙල්ලම
මම කියවීමට කණ්නාඩි දාගෙන යනවා.,මම පොත්බලනවා ඇස්කණ්ණාඩිය
ඇය දිනපතා පැළවලට වතුර දමනවා.,ඇය හැමදාම පැළය වතුරදානවා
ඔහු සෑම දිනකම රැකියාවට රිය පදවනවා.,ඔහු හැම දවස රැකියාව මෝටර්රථය යනවා
බබා දහවල් කාලයේදී නිදා ගනී.,බබා දවල් නිදියනවා
අපි සවස් වරුවේ රූපවාහිනිය නරඹමු.,අපි හවස රූපවාහිනිය බලනවා
මම සෑම උදෑසනකම මගේ කොණ්ඩය පීරනවා.,මම හැම උදේ මගේ කොණ්ඩය පීරනවා
ඇය රාත්‍රී ආහාරය සඳහා සුප් උයනවා.,ඇය රෑ කෑම සුප් උයනවා
ඔහු ඉරිදා තණකොළ කපයි.,ඔහු ඉරිදා තණකොළ තණකොළකපනවා
බල්ලා ආගන්තුකයන්ට බුරයි.,බල්ලා ආගන්තුකයා බුරනවා
අපි පාසලෙන් පසු උද්‍යානයට යමු.,අපි පාසල පස්සේ උද්‍යානය යනවා
ඔවුන් උදේ පුවත්පත් කියවනවා.,ඔවුන් උදේ පුවත්පත පොත්බලනවා
මම පාසලට බස් එකෙන් යනවා.,මම පාසල බස් යනවා
ඇය ඇගේ මිතුරන්ට ලියුම් ලියයි.,ඇය යාලුවා ලියුම් ලියන්වා
ඔහු ගෙදර පරිගණකය අලුත්වැඩියා කරයි.,ඔහු ගෙදර පරිගණකය අලුත්වැඩියා
දරුවා සෙල්ලම් බඩු සමග සෙල්ලම් කරයි.,දරුවා සෙල්ලම්බඩු සමග සෙල්ලම්කරනවා
ඔවුන් සතිපතා පුස්තකාලයට ඇවිදිනවා.,ඔවුන් සතිපතා පුස්තකාලය ඇවිදිනවා
ඇය කඩෙන් කිරි ගන්නවා.,ඇය කඩය කිරි ගන්නවා
ඔහු වැට සුදු පැහැයෙන් පින්තාරු කරයි.,ඔහු වැට සුදු පාට තීන්තාගානවා
බළලා සෝෆා මත නිදා ගනී.,පූසා සෝෆා මත නිදියනවා
අපි මාසිකව ජනෙල් පිරිසිදු කරනවා.,අපි මාසිකව ජනේලය පිරිසිදුකරනවා
ඔවුන් උයනේ කුරුල්ලන් නරඹති.,ඔවුන් උද්‍යානය කුරුල්ලා බලනවා
මම දහවල් තේ බොනවා.,මම දවල් තේ බොනවා
ඇය දිනපතා බිම අතුගානවා.,ඇය හැමදාම බිම අතුගානවා
ඔහු පාසලට මෝටර්රථයකින් යයි.,ඔහු පාසල මෝටර්රථය යනවා
බබා සෙල්ලම් බඩුවට හිනා වෙනවා.,බබා සෙල්ලම්බඩු සිනාසෙනවා
අපි සත්වෝද්‍යානයට යනවා.,අපි සත්වෝද්‍යානය යනවා
ඔවුන් පාසලෙන් පසු පැසිපන්දු ක්‍රීඩා කරති.,ඔවුන් පාසල පස්සේ පැසිපන්දු
ඇය මිදුලේ කුරුල්ලන්ට පෝෂණය කරයි.,ඇය මිදුල කුරුල්ලා කෑමදෙනවා
ඔහු රාත්‍රී ආහාරයෙන් පසු පිඟන් සෝදනවා.,ඔහු රෑ කෑම පස්සේ පිඟන්හෝදනවා
බල්ලා පැදුර මත නිදියනවා,බල්ලා පැදුර මත නිදියනවා
අපි ජූලි මාසයේදී මුහුදු වෙරළට යනවා.,අපි ජූලි මාසය මුහුදුවෙරළ යනවා
ඔවුන් පාසලේදී විද්‍යාව හදාරනවා.,ඔවුන් පාසල විද්‍යාව ඉගෙනගන්නවා
මම එළියේ ඇවිදින්න සපත්තු දාගෙන ඉන්නවා.,මම පිටත ඇවිදිනවා සපත්තු ඉන්නවා
ඇය වෙළඳපොළෙන් බිත්තර මිලදී ගනී.,ඇය කඩය බිත්තර මිලදීගන්නවා
ඔහු නිවසේ පුටුව අලුත්වැඩියා කරයි.,ඔහු ගෙදර පුටුව අලුත්වැඩියා.
අපි රෑ කෑම කන්නේ හයට.,අපි රෑ කෑම කනවා හය
ඔවුන් පුස්තකාලයේ පොත් කියෙව්වා.,ඔවුන් පුස්තකාලය පොත පොත්බලනවා
මම දහවල් නින්දක් ගන්නවා.,මම දවල් නිදියනවා
ඇය මිදුලේ ගස් සිටුවයි.,ඇය මිදුල ගස පැලසිටවනවා
ඔහු වැඩට ට්‍රක් රථයක් පදවනවා.,ඔහු වැඩ මෝටර්රථය යනවා
බළලා බඳුනකින් කිරි බොනවා.,පූසා බඳුන කිරි බොනවා
අපි රාත්‍රියේදී තරු නරඹනවා.,අපි රෑ තරු බලනවා
ඔවුන් සති අන්තයේ චෙස් ක්‍රීඩා කරනවා.,ඔවුන් සතිඅන්තය චෙස්
මම හිරු එළියේ තොප්පියක් පළඳිනවා.,මම හිරුඑළිය තොප්පිය
ඇය දිවා ආහාරය සඳහා බත් උයනවා.,ඇය දවල් කෑම බත් උයනවා
ඔහු ආහාර ගැනීමෙන් පසු මේසය පිරිසිදු කරයි.,ඔහු කෑම පස්සේ මේසය පිරිසිදුකරනවා
බබා බිම බඩගානවා.,බබා බිම බඩගානවා
අපි සෙනසුරාදා මිතුරන් බලන්න යනවා.,අපි සෙනසුරාදා යාලුවා බලනවා යනවා
ඔවුන් දිනපතා ගබඩාවට ඇවිදිනවා.,ඔවුන් හැමදාම ගබඩාව ඇවිදිනවා
මම උදේ ආහාරය සමඟ යුෂ බොනවා.,මම උදේ කෑම සමග බීම බොනවා
ඇය ගෙදරට මල් මිලදී ගන්නවා.,ඇය ගෙදර මල් මිලදීගන්නවා
ඔහු පාසලේදී චිත්‍රයක් අඳිනවා.,ඔහු පාසල චිත්‍රය චිත්‍රඅදිනවා
"මම ඉක්මනින් අවදි වෙනවා, උදේ ආහාරය ගන්නවා.",මම ඉක්මනින් නැගිටිනවා උදේ කෑම
"ඇය පාසලට පයින් ගියත්, ගෙදර යන්නේ පයින්.",ඇය පාසල පයින්යනවා ගෙදර පයින්යනවා
"ඔහු කෝපි බොනවා, ප්‍රවෘත්ති කියවනවා.",ඔහු කෝපි බොනවා ප්‍රවෘත්ති පොත්බලනවා
"බල්ලා හයියෙන් බුරනවා, නමුත් මිත්‍රශීලීයි.",බල්ලා හයියෙන් බුරනවා නමුත් හොද
"අපි චිත්‍රපට නරඹනවා, පොප්කෝන් කනවා.",අපි චිත්‍රපට බලනවා පොප්කෝන් කනවා
"ඔවුන් පාපන්දු ක්‍රීඩා කරනවා, නමුත් පසුව විවේක ගන්නවා.",ඔවුන් පාපන්දු සෙල්ලම්කරනවා නමුත් පස්සේ විවේක
"මම දත් මදිනවා, මුහුණත් සෝදනවා.",මම දත්මදිනවා මුහුණ මුහුණසෝදනවා
"අපි නිවස පිරිසිදු කර, පසුව විවේක ගන්නෙමු.",අපි නිවස පිරිසිදුකරනවා පස්සේ විවේක
"අපි සිල්ලර බඩු කඩේ යනවා, අපි රාත්‍රී ආහාරය උයනවා.",අපි කඩය යනවා අපි රෑ කෑම උයනවා.
"ඇය එළවළු මිලදී ගන්නවා, ඇය සුප් හදනවා.",ඇය එළවලු මිලදීගන්නවා ඇය සුප් උයනවා
"මම අවදි වූ විට, මම මගේ ඇඳ සකස් කරමි.",මම නැගිටිනවා මම මගේ ඇඳ
"ඇය වෙහෙසට පත්ව සිටින නිසා, ඇය ඉක්මනින් විවේක ගනී.",ඇය මහන්සි ඇය ඉක්මන් විවේක
"ඔහු වෙහෙස මහන්සි වී ඉගෙන ගන්නේ නම්, ඔහු විභාගය සමත් වේ.",ඔහු මහන්සි ඉගෙනගන්නවා ඔහු විභාග සමත්වෙනවා
"අපි රාත්‍රී ආහාරය ගන්නා අතරතුර, අපි පාසල ගැන කතා කරමු.",අපි රෑ කෑම අතරතුර අපි පාසල කතාකරනවා
"ඔවුන් පාපන්දු ක්‍රීඩා කරන නිසා, ඔවුන් සෞඛ්‍ය සම්පන්නයි .",ඔවුන් පාපන්දු සෙල්ලම්කරනවා ඔවුන් නිරෝගී
"ඇය දිනපතා කියවන නිසා, ඇය බොහෝ දේ ඉගෙන ගනී.",ඇය හැමදාම පොත්බලනවා ඇය ගොඩාක් ඉගෙනගන්නවා
"ඔහු කාර්යබහුල වුවද, ඔහු ලිපි ලියයි.",ඔහු කාර්යබහුල නමුත් ඔහු ලිපිය ලි‍යනවා
"අපි සතිපතා පිරිසිදු කරන නිසා, නිවස පිළිවෙලට තිබේ.",අපි සතිපතා පිරිසිදුකරනවා නිවස ලස්සන
"ඔවුන් නිතර පැමිණියහොත්, ඔවුන් තෑගි ගෙන එයි.",ඔවුන් එනවා ඔවුන් තෑගි ගෙනෙනවා
"මම ජැකට් එකක් ඇඳගෙන ඉන්නකොට, මම උණුසුම්ව ඉන්නවා.",මම ජැකට් ඉන්නවා මම ‍රස්නේ ඉන්නවා
"ඇය පාන් මිලදී ගන්නා නිසා, අපි සැන්ඩ්විච් කනවා.","ඇය පාන් මිලදී ගන්නා නිසා, අපි සැන්ඩ්විච් කනවා."
"ඔහු වේගයෙන් ගමන් කළත්, ඔහු ප්‍රවේශම් සහගතයි.",ඔහු වේගවත් යනවා නමුත් ඔහු පරිස්සම්
"බබා අඬනකොට, මම ඇයව නලවනවා.",බබා අඬනවා මම ඇය නලවනවා
"ඔවුන් හොඳින් චිත්‍ර අඳින නිසා, ඔවුන් ත්‍යාග දිනා ගනී.",ඔවුන් හොද චිත්‍රය චිත්‍රඅදිනවා ඔවුන් තෑගි ගන්නවා
"මම සංගීතයට සවන් දෙන අතරතුර, මට සතුටක් දැනෙනවා.",මම සින්දුව සවන්දෙනවා අතරතුර මට සතුට දැනෙනවා
"ඔවුන් ගණිතය ඉගෙන ගන්නා බැවින්, ඔවුන් ගැටළු විසඳයි.",ඔවුන් ගණන ඉගෙනගන්නවා ඔවුන් ගැටලුව විසදනවා
"ඇය චිත්‍ර අඳින අතරතුර, ඇය සංගීතයට සවන් දෙයි.",ඇය චිත්‍රය චිත්‍රඅදිනවා අතරතුර ඇය සින්දුව සවන්දෙනවා
"ඔහු ගිටාර් වාදනය කරන නිසා, ඔහුට තෑගි ලැබෙනවා",ඔහු ගිටාරය ඔහු තෑගි ගන්නවා
"අපි සාප්පු සවාරි යන විට, අපි මුලින්ම ලැයිස්තුවක් සාදන්නෙමු.",අපි කඩය යනවා කලින් අපි ලැයිස්තුව ලියනවා
"ඔහු බයිසිකල් අලුත්වැඩියා කරන නිසා, ඔහු මුදල් ඉතිරි කරයි.",ඔහු බයිසිකලය අලුත්වැඩියා ඔහු මුදල් ඉතිරිකරනවා
"ඔවුන් වනාන්තරයේ ඇවිද ගියහොත්, ඔවුන් මුවන් දකී.","ඔවුන් වනාන්තරයේ ඇවිද ගියහොත්, ඔවුන් මුවන් දකී."
"ඔහු තම කාමරය පිරිසිදු කරන නිසා, එය පිළිවෙලට පෙනේ.",ඔහු කාමරය පිරිසිදුකරනවා ඒක ලස්සන පේනවා
"මම කණ්නාඩි පළඳින නිසා, මට පැහැදිලිව පෙනෙනවා",මම ඇස්කණ්ණාඩිය මට පැහැදිලිවම පේනවා
බබා නිදාගෙන ඉන්න නිසා අපි නිහඬව ඉන්නවා.,බබා නිදියනවා ඉන්නවා අපි නිහඬ ඉන්නවා
මම කොණ්ඩේ පීරන නිසා ඒක පිළිවෙළකට තියෙනවා.,මම කොණ්ඩය පීරනවා ඒක ලස්සන තියෙනවා
ඔබ දිනපතා උදෑසන ආහාරය ගන්නවාද?,ඔබ හැමදාම උදේ කෑම කනවා ද
ඇය පාසලට තනියම පයින් යනවාද?,ඇය පාසල තනියම පයින්යනවා ද
ඔහු බොන්නේ මොනවාද?,ඔහු බොනවා මොනවද
බල්ලා ඇඳ මත නිදා ගන්නවාද?,බල්ලා ඇඳ මත නිදියනවා ඉන්නවා ද
අපි අද රෑ චිත්‍රපටියක් බලනවද?,අපි අද රෑ චිත්‍රපටිය බලනවා ද
ඔවුන් පාසලෙන් පසු පාපන්දු ක්‍රීඩා කරනවාද?,ඔවුන් පාසල පස්සේ පාපන්දු සෙල්ලම්කරනවා ද
ඔබ දිනකට දෙවරක් දත් මදිනවාද?,ඔබ දවස දෙපාරක් දත්මදිනවා ද
ඇය දැන් පොතක් කියවනවාද?,ඇය දැන් පොත පොත්බලනවා ද
ඔහු නිතර ලිපි ලියනවාද?,ඔහු නිතර ලිපිය ලියනවා ද
බළලා මේසය මත වාඩි වී සිටිනවාද?,බළලා මේසය මත වාඩිවෙනවා ඉන්නවා ද
අද අපි ගෙදර පිරිසිදු කරනවද?,අද අපි ගෙදර පිරිසිදුකරනවා ද
ඔවුන් නිතරම ඔවුන්ගේ ආච්චිලා සීයලා බලන්න යනවද?,ඔවුන් නිතර ඔවුන් ආච්චි සීයා බලනවා යනවා ද
ඔබ නිල් කමිසයක් ඇඳගෙනද ඉන්නේ?,ඔයා නිල් කමිසය ඉන්නවා ද
ඇය සෑම දිනකම පාන් මිලදී ගන්නවාද?,ඇය හැමදාම පාන් මිලදීගන්නවා ද
බබා කාමරේ අඬනවද?,බබා කාමරය අඬනවා ද
අපි අද රෑ කෑම උයනවද?,අපි අද රෑ කෑම උයනවා ද
ඔවුන් කාමරයේදී චිත්‍ර අඳිනවාද?,ඔවුන් කාමරය චිත්‍රය චිත්‍රඅදිනවා ද
ඔබ දිනපතා සංගීතයට සවන් දෙනවාද?,ඔබ හැමදාම සින්දුව සවන්දෙනවා ද
ඔහු අද කාර් එක සෝදනවද?,ඔහු අද මෝටර්රථය මෝටර්රථයහෝදනවා ද
ඔවුන් සෑම සවසකම ගණිතය ඉගෙන ගන්නවාද?,ඔවුන් හැම හවස ගණන ඉගෙනගන්නවා ද
ඔබ සෑම උදෑසනකම කෝපි බොනවාද?,ඔබ හැම උදේ කෝපි බොනවා ද
ඇය දැන් බිත්ති තීන්ත ආලේප කරනවාද?,ඇය දැන් බිත්තිය තීන්තගානවා ද
ඔහු ගිටාරය හොඳින් වාදනය කරනවාද?,ඔහු ගිටාරය හොද ද
ඔබ සෑම රාත්‍රියකම ස්නානය කරනවාද?,ඔබ හැම රෑ නානවා ද
ඔහු දැන් බයිසිකලය අලුත්වැඩියා කරනවාද?,ඔහු දැන් බයිසිකලය අලුත්වැඩියා ද
ඔවුන් නිතරම වනාන්තරයේ ඇවිදිනවාද?,ඔවුන් නිතර වනාන්තරය ඇවිදිනවා ද
ඇය සෑම සතියකම එළවළු මිලදී ගන්නවාද?,ඇය හැම සතිය එළවලු මිලදීගන්නවා ද
ඔහු දැන් ඔහුගේ කාමරය පිරිසිදු කරනවාද?,ඔහු දැන් කාමරය පිරිසිදුකරනවා ද
මම හැමදාම මස් කන්නේ නැහැ,මම හැමදාම මස් කනවා නෑ
ඇය තනිවම පාසලට පයින් යන්නේ නැත,ඇය තනියම පාසල පයින්යනවා නෑ
බල්ලා එළියේ නිදා ගන්නේ නැහැ,බල්ලා පිටත නිදියනවා නෑ
අපි අද රෑ රූපවාහිනිය බලන්නේ නැහැ,අපි අද රෑ රූපවාහිනිය බලනවා නෑ
දැන් ඉර පායන්නේ නැහැ,දැන් හිරු නැහැ
මම දිනකට එක පාරක්වත් දත් මදින්නේ නැහැ,මම දවස එකපාරක් දත්මදිනවා නෑ
බළලා බිම ඉඳගෙන නැහැ,පූසා බිම ඉදගන්නවා නෑ
අපි හැමදාම ගෙදර පිරිසිදුකරන්නේ නෑ,අපි හැමදාම ගෙදර පිරිසිදුකරනවා නෑ
ඔවුන් අද යාලුවෝ බැලීමට යන්නේ නෑ,ඔවුන් අද යාලුවා බලනවා යනවා නෑ
මම රතු ඇදුම ඇදගෙන නෑ,මම රතු ඇදුම අදිනවා නෑ
ඔහු යතුරුපැදියක යන්නේ නෑ,ඔහු යතුරුපැදිය යනවා නෑ
බබා දැන් අඬනවා නෑ,බබා අඬනවා නෑ
මම හැමදාම ගුවන්විදුලියට සවන්දෙන්නේ නෑ,මම හැමදාම ගුවන්විදුලිය සවන්දෙනවා නෑ
ඇය අද ගස් සිටුවන්නේ නෑ,ඇය අද ගස හිටවනවා නෑ
ඔහු දැන් වාහනය හෝදන්නේ නෑ,ඔහු දැන් වාහනය වාහනයහෝදනවා නෑ
කුරුල්ලා අද ගායනා කරන්නේ නෑ,කුරුල්ලා අද ගායනාකරනවා නෑ
මම හැම උදේම තේ බොන්නේ නෑ,මම හැම උදේ තේ බොනවා නෑ
බල්ලා එලියට දුවන්නේ නෑ,බල්ලා එලිය දුවනවා නෑ
අද අපි ඇඳුම් කඩේ යන්නේ නෑ,අද අපි ඇදුම් කඩය යනවා නෑ
"බල්ලා බුරන්නේ නම්, මම දොර බලනවා",බල්ලා බුරන්නවා මම දොර බලනවා
"අපි කලින් පිරිසිදු කළොත්, අපි පසුව විවේක ගන්න පුලුවන්",අපි කලින් පිරිසිදුකරනවා අපි පස්සේ විවේකගන්නවා පුලුවන්
"ඉර පායනවා නම්, අපි එලියට යනවා",ඉර පායනවා අපි එලිය යනවා
"බළලා නිදාගන්නේ නම්, ගෙදර නිහඩයි",බළලා නිදාග්න්නවා ගෙදර නිහඩ
"මම සංගීතයට සවන් දුන්නොත්, මට සන්සුන් බවක් දැනෙනවා",මම සවන්දෙනවා මම පහසු ඉන්නවා
"ඔහු මෝටර්රථය සෝදා ගත්තොත්, ඒක පිරිසිදුව පේනවා",මෝටර්රථය වාහනයහෝදනවා ඒක පිරිසිදු දකිනවා
"ඔවුන් මහන්සිවී ඉගෙනගත්තොත්, ඔවුන්ට හොඳ ලකුනු ගන්නවා",ඔවුන් මහන්සි ඉගෙනගන්නවා ඔවුන් හොද ලකුනු ගන්නවා
"මම වතුර බිව්වොත්, මම නිරෝගීව ඉන්නවා",මම වතුර බොනවා මම නිරෝගී ඉන්නවා
ඔහු බයිසිකලය හැදුවොත් ඒක හොදට වැඩකරනවා,ඔහු බයිසිකලය හදනවා ඒක හොද වැඩකරනවා
"දරුවා චිත්‍ර අඳිනවා නම්, ඇයට සතුටක් දැනෙනවා",දරුවා අදිනවා ඇය සතුට
මම හැම උදේ කිරි බොනවා,මම හැම උදේ කිරි බොනවා
ඇය හැමදාම උද්‍යානයේ දුවනවා,ඇය හැමදාම උද්‍යානය දුවනවා
ඔහු උදෑසන පත්තරය කියවනවා,ඔහු උදේ පත්තරය කියනවනවා
බල්ලා කුස්සියේ සිට කෑම කනවා,බල්ලා කුස්සිය ඉන්නවා කෑම කනවා
අපි හැම අගහරුවදා ම පුස්තකාලයට යනවා,අපි අගහරුවදා පුස්තකාලය යනවා
ඔවුන් හැම හවසම යතුරුපැදිය පදිනවා,ඔවුන් හවස යතුරුපැදිය
රෑට සඳ දිලිසෙනවා,රෑට සඳ දිලිසෙනවා
මම කෑමට පෙර අත සෝදනවා,මම කෑම කලින් අත්සෝදනවා
ඇය පොතේ සටහන් ලියනවා,ඇය පොත් ලියනවා
ඔහු උයනේ බීජ වපුරනවා,ඔහු උයනේ වපුරනවා
පූසා මේසය උඩට පනිනවා,පූසා මේසය උඩ පනිනවා
රාත්‍රී ආහාරයෙන් පසු අපි ක්‍රීඩා කරනවා,රෑ කෑම පස්සේ අපි සෙල්ලම්කරනවා
ඔවුන් දිනපතා බස් නැවතුම්පොළට ඇවිදිනවා,ඔවුන් හැමදාම බස්නැවතුම්පොළ ඇවිදිනවා
මම ගෙදර මේස් අඳිනවා,මම ගෙදර මේස්
ඇය වෙළඳපොළෙන් පලතුරු මිලදී ගන්නවා,ඇය කඩය පලතුරු මිලදීගන්නවා
ඔහු කාමරයේ ලාම්පුව සවි කරනවා,ඔහු කාමරය ලාම්පුව හදනවා
බබා අත්පුඩි ගහනවා,බබා අත්පුඩිගහනවා
අපි මෝටර්රථයේ ගුවන් විදුලියට සවන් දෙනවා,අපි මෝටර්රථයේ ගුවන්විදුලිය සවන්දෙනවා
ඔහු පාසලට බසයෙන් යනවා,ඔහු පාසල බසය යනවා
කුරුල්ලා ගසට පියාඹනවා,කුරුල්ලා ගස පියාඹනවා
ඇය සෑම හවසකම බල්ලාට කෑම දෙනවා,ඇය හවස බල්ලා කෑමදෙනවා
ඔහු දොර රතු පාටින් පාට කරනවා,ඔහු දොර රතු තීන්තගානවා
ඔවුන් නින්දට යාමට පෙර කතන්දර කියවනවා,ඔවුන් නිදගන්නවා කලින් කතන්දරකියනවා
මම මගේ කැමරාවෙන් ඡායාරූප ගන්නවා,මම මගේ කැමරාව
අපි සෑම සති අන්තයකම උද්‍යානයට යනවා,අපි සතිඅන්තය උද්‍යානය යනවා
පූසා බෝලයක් පසුපස දුවනවා,පූසා බෝලය පස්සේ දුවනවා
ඔවුන් නිවසේ සංගීතය වාදනය කරනවා,ඔවුන් නිවස සංගීතය වාදනයකරනවා
මම සෑම දිනකම ඔරලෝසුවක් පළඳිනවා,මම සෑම දිනකම ඔරලෝසුව ඔරලෝසුවපළඳිනවා
ඔහු මෝටර්රථය පදවාගෙන කාර්යාලයට යයි,ඔහු මෝටර්රථය පදවනවා කාර්යාලය යනවා
බල්ලා දොර ළඟ නිදාගන්නවා,බල්ලා දොර ළඟ නිදාගන්නවා
මම දුම්රියෙන් වැඩට යනවා,මම දුම්රිය වැඩ යනවා
ඔහු රැකියාවට යතුරුපැදියකින් යනවා,ඔහු රැකියාව යතුරුපැදිය යනවා
බබා ඇගේ මවට සිනාසෙනවා,බබා ඇගේ අම්මා සිනාසෙනවා
ඇය උදේ ආහාරය සඳහා බිත්තර උයනවා,ඇය උදේ ආහාරය සඳහා බිත්තර උයනවා
දරුවා මිතුරන් සමඟ ගායනා කරයි,දරුවා යාලුවෝ සමඟ ගායනා කරයි
මම සෑම උදෑසනකම ඇවිදිනවා,මම හැම උදෑසන ඇවිදිනවා
අපි සෑම මසකම ඥාති සහෝදර සහෝදරියන් බැලීමට යනවා,අපි හැම මාසය නෑදෑ සහෝදරයා සහෝදරිය බලනවා යනවා
ඇය උද්‍යානයේ දුවන නමුත් නිවසට ඇවිදිනවා,ඇය උද්‍යානය දුවනවා නමුත් නිවස ඇවිදිනවා
ඔහු පත්තරය කියවනවා සමග තේ බොනවා,ඔහු පත්තරයකියවනවා සමග තේ බොනවා
බල්ලා කෑම කනවා සමග වතුර බොනවා,බල්ලා කෑම කනවා සමග වතුර බොනවා
අපි පුස්තකාලයට ගොස් පොත් ගන්නවා,අපි පුස්තකාලයට යනවා පොත් ගන්නවා
ඇය සටහන් ලියනවා සමග ඒවා බලනවා,ඇය සටහන්ලියනවා සමග ඒවා බලනවා
"ඔවුන් බස් රථයට පයින් යන අතර, ඔවුන් එහි ඉන්නවා","ඔවුන් බස් රථයට පයින් යනවා, ඔවුන් ඒ ඉන්නවා"
"මම මේස් අඳිනවා, නමුත් මම ඒවා පසුව මාරු කරනවා",මම මේස් අඳිනවා නමුත් මම ඒවා පස්සේ මාරුකරනවා
බබා අත්පුඩි ගසනවා සමග ඇය හයියෙන් සිනාසෙනවා,බබා අත්පුඩිගසනවා සමග ඇය හයියෙන් සිනාසෙනවා
අපි ගුවන් විදුලියට සවන් දෙනවා සමග අපි ගායනා කරනවා,අපි ගුවන්විදුලිය සවන්දෙනවා සමග අපි ගායනාකරනවා
ඔහු බසයක නැඟී පොතක් කියවයි,ඔහු බසයක නගිනවා පොතබලනවා
ඇය බල්ලාට කෑම දෙනවිට ඇය ඌව හුරතල් කරනවා,ඇය බල්ලාට කෑමදෙනවා ඇය ඌ හුරතල්කරනවා
ඔවුන් කතන්දර කියලා නින්දට යනවා,ඔවුන් කතන්දරකියනවා නිදාගන්නවා
"මම කිරි බොන විට, මට ශක්තිමත් බවක් දැනෙනවා","මම කිරි බොනවා, මට ශක්තිමත්"
"අපි පුස්තකාලයට යන අතරතුර, පොත් කියවනවා",අපි පුස්තකාලය යනවා පොතබලනවා
"මම අත් සෝදා ගත්තොත්, මම පිරිසිදුව ඉන්නවා","මම අත් සෝදාගන්නවා, මම පිරිසිදු ඉන්නවා"
"ඇය සටහන් ලියන නිසා, ඇයට කාර්යයන් මතකයි",ඇය සටහන් ලියනවා ඇය වැඩ මතක
"අපි ක්‍රීඩා කරන නිසා, අපි විනෝද වෙනවා",අපි ක්‍රීඩා කරනවා අපි විනෝදවෙනවා
"ඔවුන් බස් රථයට පයින් ගියොත්, ඔවුන් වේලාසනින් පැමිණෙනවා",ඔවුන් බස්රථය පයින්යනවා ඔවුන් කලින් එනවා
"බබා අත්පුඩි ගසන විට, සියල්ලෝම සිනාසෙනවා",බබා අත්පුඩිගසනවා සියල්ලෝ සිනාසෙනවා
"මම ඇපල් ගෙඩියක් කන අතරතුර, මම පොතක් කියවනවා","මම ඇපල් ගෙඩිය කනවා අතරතුර, මම පොතබලනවා"
"ඔහු බස් රථයක ගියහොත්, ඔහු කාලය ඉතිරි වෙනවා",ඔහු බස්රථය යනවා ඔහු කාලය ඉතිරිවෙනවා
"කුරුල්ලා පියාසර කළත්, ආපසු නිවසට පැමිණේ",කුරුල්ලා පියාඹනවා ආපසු නිවස එනවා
"ඔවුන් කතන්දර කියෙව්වොත්, ඔවුන් හොඳින් නිදාගන්නවා",ඔවුන් කතන්දර කියනවා ඔවුන් හොඳි නිදාගන්නවා
"අපි උද්‍යානයට ගිය විට, අපි ක්‍රීඩා කරනවා",අපි උද්‍යානය යනවා අපි ක්‍රීඩාකරනවා
"මම ඔරලෝසුවක් දාගෙන ඉන්න නිසා, මම වෙලාවට වැඩ කරනවා",මම ඔරලෝසුව ඉන්නවා මම වෙලාව වැඩකරනවා
"බබා සෙල්ලම් කරන නිසා, ඇය සතුටින් ඉන්නවා",බබා සෙල්ලම්කරනවා ඇය සතුට ඉන්නවා
මම සපත්තු මදින නිසා ඒවා පිරිසිදුව පේනවා,මම සපත්තුමදිනවා ඒ පිරිසිදු පේනවා
ඔහු දැන් පුවත්පතක් කියවනවාද?,ඔහු දැන් පුවත්පත පොතබලනවා ද
අපි අද පුස්තකාලයට යමුද?,අපි අද පුස්තකාලය යමු ද
අද හවස එයාලා බයිසිකල් පදිනවද?,අද හවස ඔවුන් බයිසිකලය පදිනවා ද
ඔබ රාත්‍රී ආහාරයට පෙර අත් සෝදනවාද?,ඔබ රෑ කෑම කලින් අත් සෝදනවා ද
ඇය ඇගේ සටහන් පොතේ සටහන් ලියනවාද?,ඇය ඇගේ සටහන්පොත සටහන්ලියනවා ද
පූසා මේසය උඩට පනිනවාද?,පූසා මේසය උඩ පනිනවා ද
ඔවුන් දිනපතා බස් නැවතුම්පොළට පයින් යනවාද?,ඔවුන් දිනපතා බස්නැවතුම්පොළ පයින්යනවා ද
ඔයා අද මේස් දාගෙනද ඉන්නේ?,ඔයා අද මේස්දානවා ඉන්නවා ද
බබා අත්පුඩි ගහනවද?,බබා අත්පුඩිගහනවා ද
අපි දැන් ගුවන් විදුලියට සවන් දෙනවාද,අපි දැන් ගුවන්විදුලිය සවන්දෙනවා ද
එයා ඉස්කෝලෙට බස් එකේ යනවද?,එයා පාසල බසය යනවා ද
කුරුල්ලා ගසට පියාඹනවාද?,කුරුල්ලා ගස පියාඹනවා ද
ඇය සෑම සවසකම බල්ලාට කෑම දෙනවද,ඇය සෑම හවස බල්ලා කෑමදෙනවා ද
මේ සෙනසුරාදා අපි ඇඳුම් ගන්න යනවද,මේ සෙනසුරාදා අපි ඇඳුම් ගන්නවා යනවා ද
ඔවුන් අද රෑ කතන්දර කියවනවාද,ඔවුන් අද රෑ කතන්දරකියනවා ද
ඔබ කැමරාවකින් ඡායාරූප ගන්නවාද,ඔබ කැමරාව ඡායාරූප ගන්නවා ද
අපි මේ සති අන්තයේ උද්‍යානයට යනවද,අපි මේ සතිඅන්තය උද්‍යානය යනවා ද
ඔහු දැන් මේසය අලුත්වැඩියා කරනවාද,ඔහු දැන් මේසය අලුත්වැඩියා ද
ඇය වැස්සේ දුවන්නේ නැත,ඇය වැස්ස දුවනවා නෑ
ඔහු දැන් පොතක් කියවන්නේ නැත,ඔහු දැන් පොතබලනවා නෑ
අපි අද පුස්තකාලයට යන්නේ නැහැ,අපි අද පුස්තකාලයට යනවා නෑ
ඔවුන් රාත්‍රියේ බයිසිකල් පදින්නේ නැහැ,ඔවුන් රෑ බයිසිකල් පදිනවා
දැන් සඳ දිලිසෙන්නේ නැත,දැන් සඳ දිලිසෙනවා නෑ
මම දවසට එක පාරක්වත් අත් සෝදන්නේ නැහැ,මම දවස එකපාරක් අත්සෝදනවා නෑ
අපි උදේට සෙල්ලම් කරන්නේ නැහැ,අපි උදේ සෙල්ලම්කරන්වා නෑ
බබා දැන් අත්පුඩි ගහන්නේ නැහැ,බබා දැන් අත්පුඩිගහනවා නෑ
ඔහු අද යතුරුපැදියක් පදවන්නේ නැත,ඔහු අද යතුරුපැදියක පදවනවා නෑ
කුරුල්ලා දැන් පියාඹන්නේ නැහැ,කුරුල්ලා දැන් පියාඹන්නවා නෑ
"ඇය වේගයෙන් දුවන්නේ නම්, ඇය තරඟය ජය ගනී",ඇය වේගයෙන් දුවනවා ඇය තරඟය දිනනවා
"ඔහු දිනපතා කියවන්නේ නම්, ඔහු තවත් ඉගෙන ගනී",ඔහු දිනපතා පොතබලනවා ඔහු තව ඉගෙනගන්නවා
"අපි පුස්තකාලයට ගියොත්, අපට පොත් හම්බ වෙයි",අපි පුස්තකාලය යනවා අප පොත් හම්බවෙනවා
බළලා පැන්නොත් සෙල්ලම් බඩුව අල්ලනවා,බළලා පනිනවා සෙල්ලම් බඩුව අල්ලනවා
"අපි ක්‍රීඩා කළොත්, අපට විනෝදයක් ලැබෙනවා","අපි ක්‍රීඩා කරනවා, අපට විනෝදය හම්බවෙනවා"
"ඇය පලතුරු මිලදී ගත්තොත්, අපි සෞඛ්‍ය සම්පන්නව කනවා",ඇය පලතුරු මිලදීගන්නවා අපි නිරෝගී කනවා
බබා අත්පුඩි ගැහුවොත් අපි හැමෝම හිනා වෙනවා,බබා අත්පුඩිගහනවා අපි හැමෝම හිනාවෙනවා
"අපි ගුවන් විදුලියට සවන් දුන්නොත්, අපට සංගීතය ඇසෙනවා",අපි ගුවන්විදුලිය සවන්දෙනවා අපට සංගීතය අහනවා
"ඔහු බස් රථයක ගියහොත්, ඔහු ඉක්මනින් පැමිණේ",ඔහු බස්රථය යනවා ඔහු ඉක්මනින් එනවා
මම උදේ අවදි උනා,මම උදේ අවදිවෙනවා
අපි ගෙදර ගියා,අපි ගෙදර යනවා
ඔවුන් රූපවාහිනිය බලනවා,ඔවුන් රූපවාහිනිය බලනවා
මම දත් මැද්දා,මම දත්මදිනවා
අපි තේ බිව්වා,අපි තේ බොනවා
මගේ අම්මා කාරුණිකයි,මගේ අම්මා හිත හොද
මම බසයේ පාසලට ගියා,මම බසය පාසල යනවා
මම කාමරය පිරිසිදු කරනවා,මම කාමරය පිරිසිදුකරනවා
ඔහු පොතක් කියවනවා,ඔහු පොත පොතබලනවා
මගේ පෑන නැති උනා,මගේ පෑන නෑ
ඇය හොදින් ගායනය කරනවා,ඇය හොඳ ගායනය කරනවා
මට මගේ යතුර නැති උනා,මට මගේ යතුර නෑ
මගේ ඔලුව රිදෙනවා,මගේ ඔලුව රිදෙනවා
මම ඔහුව බසයේ දී දැක්කා,මම ඔහු බසය දකිනවා
මට මහන්සී,මට මහන්සි
මම යහලුවා සමග කතා කරා,මම යාලුවා සමග කතාකරනවා
මගේ තාත්තා වැඩ කරනවා,මගේ තාත්තා වැඩකරනවා
මට පරක්කුයි,මට පරක්කු
ඔහු පරක්කු වී පැමිනියා,ඔහු පරක්කු එනවා
මම වතුර කෝප්පයක් බිව්වා,මම වතුර කෝප්පය බොනවා
මම ඔබගේ පොත සොයාගත්තා,මම ඔබ පොත සොයාගන්නවා
ඇය කුස්සිය පිරිසිදු කරනවා,ඇය කුස්සිය පිරිසිදුකරනවා
ඇය සින්දු අසනවා,ඇය සින්දු අසනවා
මම විභාගයට පාඩම් කරනවා,මම විභාගය පාඩම්කරනවා
ඇය සතුටින් ඉන්නවා,ඇය සතුට ඉන්නවා
ඇය උදෑසනම තේ හදනවා,ඇය උදෑසන තේ හදනවා
ඔහු සම්පූර්න නිවසම පිරිසිදු කරනවා,ඔහු සම්පූර්න නිවසම පිරිසිදුකරනවා
අපි හැමදාම කතා කරනවා,අපි හැමදාම කතාකරනවා
ඔවුන් මට පසුව දුම්රියෙන් පිටත්වුනා,ඔවුන් මට පස්සේ දුම්රිය පිටත්වුනා
මගේ සහෝදරී හොදින් විභාගයට සූදානම් වෙනවා,මගේ සහෝදරී හොදි විභාගය සූදානම්වෙනවා
ඇයට ඇයගේ පොත හැමදාම අමතක වෙනවා,ඇයට ඇය පොත හැමදාම අමතකවෙනවා
ඔවුන් පුස්තකාලයේදී හමුවුනා,ඔවුන් පුස්තකාලය හමුවෙනවා
මම බසය එනකම් බලාසිටියා,මම බසය එනවා නලනවා ඉන්නවා
ඇය ඇයගේ දිග කොන්ඩය පීරනවා,ඇය ඇය දිග කොන්ඩය පීරනවා
ඔහු සියලුම ප්‍රශ්න වලට පිලිතුරු දෙනවා,ඔහු සියලු ප්‍රශ්න පිලිතුරු දෙනවා
ගුරුතුමිය පාඩම පැහැදිලි කරනවා,ගුරුතුමිය පාඩම උගන්නනවා
ඇය සාදයේදී නටනවා,ඇය පාටිය නටනවා
මම මගේ අම්මා බැලීමට ගමට ගියා,මම මගේ අම්මා බලනවා ගම යනවා
මේ බෑගය මගේ,මේ බෑග් මගේ
අර කොල්ලා මගේ සහෝදරයා,අර කොල්ලා මගේ සහෝදරයා
මේ තේ හරිම රසයි,මේ තේ ගොඩාක් රස
මේ පෑන ලියවෙන්නේ නෑ,මේ පෑන ලියවෙනවා නෑ
මම අර මල් වලට ගොඩාක් කැමතී,මම අර මල් ගොඩාක් කැමති
අර ලමයි එලියේ සෙල්ලම් කරනවා,අර ලමයි එලිය සෙල්ලම්කරනවා
අර ඇදුම් අලුත්,අර ඇදුම් අලුත්
මම මේ පොත ඊයේ ගත්තා,මම මේ පොත ඊයේ ගත්තා
ඔයා ඊයේ කවුද හමුවුනේ?,ඔයා ඊයේ කවුද හමුවෙනවා
ඔයා ඇය කවුද යැයි අදුරනවාද?,ඔයා ඇය කවුද දන්නවා ද
දැන් වේලාව කීයද?,දැන් වේලාව කීයද
ඔයා කවදාද ගෙදර එන්නේ?,ඔයා කවදාද ගෙදර එනවා
ඔයා මගේ සාරිය කොහෙද තිබ්බේ?,ඔයා මගේ සාරිය කොහෙද
ඇ‍යි ඔයා අද පරක්කු?,ඇයි ඔයා අද පරක්කු
ඔයා කොහොමද ඒක ගත්තේ?,ඔයා කොහොමද ඒක ගන්නවා
ඔයාගේ සහෝදරයා කොහෙද?,ඔයා සහෝදරයා කොහෙද
ඇයි ඔයා සිනාසෙන්නේ?,ඇයි ඔයා සිනාසෙනවා
ඔයා කොහොමද මේක දන්නේ?,ඔයා කොහොමද ඒක ගන්නවා
ගස උඩ පූසා සිටිනවා,ගස උඩ පූසා ඉන්නවා
මගේ අම්මා එහේ සිටිනවා.,මගේ අම්මා එහේ ඉන්නවා
ඔයාගේ සහෝදරයා මෙහේ සිටිනවා.,ඔයා සහෝදරයා මෙහේ ඉන්නවා
මේවා කාගේද?,මේවා කාගේද
ඔයා කොහෙද යන්නේ?,ඔයා කොහෙද යනවා
මගේ දුරකතනය කොහෙද?,මගේ දුරකතනය කොහෙද
මගේ ලග මුදල් නෑ.,මගේ ළග මුදල් නෑ
මම උඹට වෛර කරනවා,මම ඔයා කැමති නෑ
මම ඉන්නේ ආදරයෙන්,මම ආදරය ඉන්නවා
මට කණගාටුයි,මට දුක
මට ඉතා කනගාටුයි,මට ගොඩාක් දුක
මම ඔයාගේය,මම ඔයා
නැවත ස්තූතියි,නැවත ස්තූති
ඔයාට කොහොම ද,ඔයාට කොහොමද
මම සනීපෙන්,මම සනේප
පරෙස්සම් වෙන්න,අරක්ශා ඉන්නවා
මට ඔයාව දැනෙනවා,මට ඔයා දැනෙනවා
ඔයා හොඳයි,ඔයා හොඳ
ඒක භයානකයි,ඒක ආරක්ශා නෑ
ඒක හරිම නරකයි,ඒක ගොඩාක් නරක
නැවත හමුවෙන්නම්,නැවත හම්බවෙනවා
ඔයාට ස්තූතියි,ඔයා ස්තූති
ඔයා නිදහස් ද,ඔයා නිදහස්
ප්‍රශ්නයක් නැහැ,ප්‍රශ්න නෑ
ඉක්මනින් සනීප වෙන්න,ඉක්මනින් සනීපවෙනවා
ඉතා හොඳයි,ඉතා හොදයි
හොඳින් කළා,හොඳ
මොකක්ද වෙන්නේ,මොකක්ද
මට ඔයාව ඇහෙන්නේ නැහැ,මට ඔයා ඇහෙනවා නෑ
මට නවතින්න බැහැ,මට නවතිනවා බෑ
මම දන්නවා,මම දන්නවා
හොඳ අදහස,හොඳ අදහස
ඊළඟට කවුද?,ඊලග කවුද
ඇය කවුද?,ඇය කවුද
ඒ මිනිසා කවුද?,ඒ මිනිසා කවුද
එය ගොඩ නැගුවේ කවුද?,එය හදනවා කවුද
ඔවුන් රිදෙනවා,ඔවුන් රිදෙනවා
ඇය කෝපයට පත් විය,ඇය තරහා
ඇය ගුරුවරියක්,ඇය ගුරුතුමිය
ඇය ආකර්ෂණීයයි,ඇය ලස්සන
ඇය ලස්සනයි,ඇය ලස්සන
ඇය අඬනවා,ඇය අඬනවා
ඇය සතුටින්,ඇය සතුට
කොහෙත්ම නැහැ!,නෑ
කරදර නැහැ,කරදර නෑ
මට ඉතා සතුටුයි,මට ගොඩාක් සතුට
මට බඩගිනියි,මට බඩගිනී
මට දුවන්න පුලුවන්,මට දුවනවා පුලුවන්
මම එකඟයි,මම හරි
මට පුලුවන් පීනන්න,මට පුලුවන් පීනනවා
මට එන්න බෑ,නට එනවා බෑ
ඔහු කෝපයට පත් විය,ඔහු තරහා
ඔහු තනිව සිටියේය,ඔහු තනියම ඉන්නවා
ඔහු නිර්භීත විය,ඔහු බය නෑ
ඔහු පිහිනීමට කැමතියි,ඔහු පීනනවා කැමති
තරහ වෙන්න එපා,තරහා එපා
දුක් වෙන්න එපා,දුක එපා
අඬන්න එපා,එපා අඬනවා
ඉදිරියට එන්න,ඉදිරි එනවා
ඔබට එන්න පුලුවන්ද?,ඔබ එනවා පුලුවන් ද
මම උදව් කරන්නද?,මම උදවුකරනවා පුලුවන් ද
මට මේක කන්න පුලුවන්ද?,මට මේ පුලුවන් ද
මට ඔයාට උදව් කළ හැකි ද?,මට ඔයා උදව්කරනවා පුලුවන් ද
මට බැලිය හැකි ද?,මට බලනවා පුලුවන් ද
ඔයා යනවා ද?,ඔයා යනවා ද
ඔයාට බඩගිනි ද?,ඔයා බඩගිනි ද
ඔයාට පිස්සු ද?,ඔයා පිස්සු ද
ඔයා නිදාගන්නවා ද?,ඔයා නිදගන්නවා ද
ඔබට මෙය කරන්න පුලුවන්ද?,ඔයා මේ පුලුවන් ද
ඔයාට මට උදව් කරන්න පුලුවන්ද?,ඔයා මට උදව්කරනවා පුලුවන් ද
ඔයාට මට කියන්න පුලුවන්ද?,ඔයා මට කියනවා පුලුවන් ද
හෙට එන්න,හෙට එනවා
ඉක්මනින් එන්න,ඉක්මනින් එනවා
මට ඔබට උදව් කළ හැකිද?,මට ඔයා උදව්කරනවා පුලුවන් ද
ඔබට මට කියන්න පුලුවන්ද?,ඔයා මට කියනවා පුලුවන් ද
බාධා කරන්න එපා,කරදරකරනවා එපා
ඔබට මාව ඇහෙනවද?,ඔයා මාව ඇහනවා ද
ඔබ දුම්පානය කරනවාද?,ඔයා දුම්පානය
ඔයා කාලා ද?,ඔයා කනවා ද
ඔයා ඉවරයිද?,ඔයා ඉවරයි ද
ඔහුට වේගයෙන් දුවන්න පුලුවන්,ඔහු වේගයෙන් දුවනවා පුලුවන්
ඔහු දුවන්නට පටන් ගත්තේය,ඔහු දුවනවා පටන්ගන්නවා
ඔහු කතා කළේ නැත,ඔහු කතාකරනවා නෑ
ඔහුගේ ඇස් නිල් පාටයි,ඔහු ඇස් නිල්
ඔහුගේ හිනාව හොද,ඔහු හිනාව හොද
ඔබේ ජීවිතය කොහොමද?,ඔයා ජීවිතය කොහොමද
ඔයාගේ පවුල කොහොම ද?,ඔයා පවුල කොහොමද
මම ශිෂ්යයෙක්,මම ශිෂ්යයා
මම පාඩම්කරන්න යනවා,මම පාඩම්කරනවා යනවා
මම ගුරුවරයෙක් නෙවෙයි,මම ගුරුවරයා නෑ
මට ඔයාව විශ්වාස කරනවා,මම ඔයා විශ්වාස
මට මේ වැඩේ පුලුවන්,මට මේක පුලුවන්
මට වේගයෙන් දුවන්න පුලුවන්,මට වේගයෙන් දුවනවා පුලුවන්
මට විශ්වාස කරන්න බැහැ,මට විශ්වාසකරනවා බෑ
එය වෙනවා,ඒක වෙනවා
ඒක අලුත් ය,ඒක අලුත්
ඒක දිග කතාවක්,ඒක දිග කතාව
ඒක කුරුල්ලෙකු මෙන් පෙනේ,ඒක කුරුල්ලා පේනවා
ඇත්තටම කාලය ගත වෙනවා,ඇත්ත කාලය ගතවෙනවා
ඒක ඇත්තෙන්ම ලාභදායී,ඒක ඇත්ත මුදල් අඩු
ඒක එතරම් ඝෝෂාකාරී විය,ඒක ශබ්ද වැඩි
ඒක ඉතා දුෂ්කර විය,ඒක අමාරු
ඒක මිල අධික නොවීය,ඒක මුදල් අඩු
ඒක අවශ්‍ය නොවීය,ඒක ඕන නෑ
මට පරික්ෂා කරන්න දෙන්න,මම කියනවා
මම කියන්නම්,මම කියනවා
මම ඇතුලට එන්නද?,මම ඇතුල එනවා ද
මට ඔයාට උදව් කළ පුලුවන්ද,මට ඔයා උදවුකරනවා පුලුවන් ද
මට ඔබ හා එක් විය පුලුවන්ද,මට ඔබ සමග එකතු පුලුවන් ද
මම කතා කරන්නද?,මම කතාකරනවා ද
මම මේක කන්නද?,මම මේක කරනවා ද
මගේ තාත්තා උසයි,මගේ තාත්තා උස
මගේ නංගිට රස්සාවක් තියෙනවා,මගේ නංගි රස්සා තියෙනවා
මගේ සහෝදරිය හැමෝම දන්නවා,මගේ සහෝදරී හැමෝම දන්නවා
මගේ බිරිඳ වෛද්‍යවරියක්,මගේ බිරිඳ වෛද්‍යවරිය
නෑ මම පස්සේ කන්නම්,නෑ මම පස්සේ කනවා
කරුණාකර ඇතුලට එන්න,
කරුණාකර එය නැවත කරන්න,
කරුණාකර මට දෙන්න,
ඇය ඔහුව අගය කළාය,ඇය ඔහු අගයකරනවා
ඇය මාව මගහරිනවා,ඇය මම මගහරිනවා
ඇය අන්තිමට ආවා,ඇය අන්තිම එනවා
ඇය පාසල් යනවා,ඇය පාසල යනවා
ඒ ගෙදර ලොකුයි,ඒ ගෙදර ලොකු
ඒක හොඳ අදහසක්,ඒක හොද අදහස
ඒ මගේ පොතයි,ඒ මගේ පොත
ඒ මගේ පුතා,ඒ මගේ පුතා
බල්ලා මැරිලා,බල්ලා මැරෙනවා
ගඟ පළලයි,ගඟ පළල
ඔවුන් සෙල්ලම් කරනවා,ඔවුන් සෙල්ලම් කරනවා
ඔවුන් ලස්සනයි,ඔවුන් ලස්සන
ඔවුන් විවාහ වුණා,ඔවුන් විවාහ
ඔවුන් සතුව පොත් කිහිපයක් තිබේ,ඔවුන් ළග පොත් ගොඩාක් තියෙනවා
ඔවුන් කතා කිරීම නැවැත්තුවා,ඔවුන් කතාකරනවා නවත්තනවා
මේ මගේ යාළුවෙක්,මේ මගේ යාලුවා
මේ කුරුල්ලාට පියාඹන්න බැහැ,මේ කුරුල්ලා පියාඹනවා බෑ
මේ මගේ පොත,මේ මගේ පොත
මේ මගේ සහෝදරයා,මේ මගේ සහෝදරයා
මේ මගේ දුව,මේ මගේ දුව
මෙය විහිලුවක් නොවේ,මේක විහිලුව නෑ
මේ කතාව ඇත්ත,මේ කතාව ඇත්ත
අපි සතුටුයි,අපි සතුට
අද වහිනවද?,අද වහිනවා ද
ඔබ ගමනක් යනවද?,ඔයා ගමන් යනවා ද
ඇය එයිද?,ඇය එනවා ද
මාව මරනවද?,මාව මරනවා ද
ඔබ මට ආදරය කරනවාද?,ඔයා මට ආදරය කරනවා ද
ඔබ මෙහෙ එනවාද?,ඔයා මෙහෙ එනවා ද
ඔබ ගුරුවරයෙක්,ඔයා ගුරුවරයා
ඔයා ඉතා ලස්සනයි,ඔයා ගොඩාක් ලස්සනයි
ඔබ ඉතා නිර්භීතයි,ඔයා බය නෑ
ඔබ නීති කඩ කළා,ඔයා නීති කඩනවා
ඔයා මට ආදරෙයි ද,ඔයා මට ආදරය ද
ඔයා මට ආදරේ නැද්ද,ඔයා මට ආදරය නෑ ද
ඔයා මාව සතුටු කළා,ඔයා මම සතුට කරනවා
ඔබට යන්න පුලුවන්,ඔයා යනවා පුලුවන්
ඔබ නිදාගත යුතුයි,ඔයා නිදාගන්නවා
ඔබ වෙහෙස මහන්සි වී ඉගෙන ගත යුතුය,ඔයා මහන්සි ඉගෙනගන්නවා
මේ අදහස කාගේද?,මේ අදහස කාගේද
ඔබගේ සහයට ස්තූතියි,ඔයා උදව් ස්තූති
ආවට ස්තුතියි,එනවා ස්තූති
ඔබට කොහොම ද,ඔයා කොහොමද
ඔයාගේ පවුල කොහොම ද,ඔයා පවුල කොහොමද
කොහොමද කියන්නේ,කොහොමද කියනවා
සුභ නත්තලක්,හොද නත්තල
සුභ නව වසරක්,හොද අලුත් අවුරුද්ද
ඔබව දැකීම සතුටක්,ඔයා දකිනවා සතුට
මම ඒකට කැමති නැහැ,මම ඒක කැමති නෑ
මට අදහසක් නැහැ,මට අදහස නෑ
මම සියල්ලම දන්නවා,මම හැමදේම දන්නවා
මම දෙයක් දන්නවා,මම දන්නවා
ඔයාට බොහෝම ස්තූතියි,ඔයා ගොඩාක් ස්තූති
ඔයාව පසුව හමුවෙන්නම්,ඔයා පස්සේ හම්බවෙනවා
ලබන සතියේ හමුවෙමු,ඊළඟ සතිය හම්බවෙනවා
ලබන වසරේ හමුවෙමු,ඊළඟ වසර හමුවෙනවා
ඔයාව ඉක්මනින් මුණගැසෙන්නම්,ඔයා ඉක්මනින් හමුවෙනවා
ඔයාව හෙට මුණගැසෙන්නම්,ඔයා හෙට හමුවෙනවා
ඔයාව හමුවීම සතුටක්,ඔයා හමුවෙනවා සතුට
මොහොතක් ඉන්න,ඉන්නවා
ඒක හොඳ ගනුදෙනුවක්,ඒක හොඳ ගනුදෙනුව
ඔයා ලස්සනයි,ඔයා ලස්සන
ඔබ ගොඩාක් හොඳයි,ඔබ ගොඩාක් හොඳ
ඔයා හරිම දක්ශයි,ඔයා ගොඩාක් දක්ශ
සතිඅන්තයේ නිවාඩුවට ඔවුන් ගමේ ගියා.,සතිඅන්තය නිවාඩු ඔවුන් ගම යනවා
ගමේ ගෙදර ආච්චි සීයාත් හරිම ආසාවෙන් බලාගෙන ඉන්නේ ඔවුන් මහ ගෙදර එනකන්.,ගම ගෙදර ආච්චී සීයා ගොඩාක් ආසාව බලනවා ඉන්නවා ඔවුන් මහා ගෙදර එනවා
තාත්තා මේ ගමන කවදාවත් වරද්දන්නේ නෑ.,තාත්තා මේ ගමන කවදාවත් වරද්දනවා නෑ
තාත්තා හැමදාම කියන්නේ මොන වැඩ තිබුණත් අඩු ගණනේ මාසෙකට සැරයක්වත් ගමේ ගිහින් එන්න ඕනේ කියලා.,තාත්තා හැමදාම කියනවා මොන වැඩ තිබුනත් අඩු ගණන මාසය සැරයක් ගම යනවා එන්න ඕනා
මාත් අම්මා තාත්තා දෙන්නම හොඳට බලා ගන්නවා.,මම අම්මා තාත්තා දෙන්නා හොඳ බලාගන්නවා
මගේ මව්පියන් ආච්චිටයි සීයාටයි සලකනවා දැක්කහම මට එහෙම හිතුණා.,මගේ මවුපියන් ආච්චී සීයා සලකනවා දකිනවා මට හිතුනා
එහේ ගියාම ඒ දෙන්නට හරිම සතුටුයි.,එහේ යනවා ඒ දෙන්නා ගොඩාක් සතුට
මමයි නංගියි ළඟට අරගෙන ආච්චී සීයායි ලස්සන කතන්දර කියලා දෙනවා.,මම නංගි ළඟ අරගෙන ආච්චී සීයා ලස්සන කතන්දර කියනවා
අමුතු ප්‍රශ්න අහනවා,අමුතු ප්‍රශ්න අහනවා
මගේ පුතාගේ අතේ ඇඟිලි කීයද?,මගේ පුතා අත ඇඟිලි කීයද
පහයි සීයේ.,පහ සීයේ
මොනවාද ඒවායේ නම්?,මොනවාද ඒවා නම
මේ තමා සියයේ මහපටැඟිල්ල,මේ මහපටැඟිල්ල
මේ දබරැඟිල්ල,මේ දබරැඟිල්ල
මේ මැදගිල්ල.,මේ මැදගිල්ල
මේ වෙදඇඟිල්ල,මේ වෙදඇඟිල්ල
මේ පුංචි එක්කෙනා තමයි සුලඟිල්ල,මේ පොඩි එක සුලඟිල්ල
බොහොම හොඳයි,ගොඩක් හොඳයි
දැන් කියමුකෝ බලන්න ඔය ඇඟිලි පහෙන් ලොක්කා කවුද කියල.,දැන් කියනවා බලනවා ඔය ඇඟිලි පහ ලොකු කවුද
නංගි චුට්ටක් කල්පනා කරා ඇඟිලි පහ දිහා බැලුවා.,නංගි පොඩි කල්පනා කරනවා ඇගිලි පහ බලනවා
නංගි උත්තර දුන්නා මැද ඇඟිල්ල තමා ලොක්කා.,නංගී පිළිතුරු දෙනවා මැද ඇඟිල්ල ලොකු
නෑ එයා උසින් මහතා වැඩිවුණාට ලොක්කා නෙවේ.,නෑ එයා උස මහත වැඩි ලොකු නෑ
මම කියන්නද මිනිස්සු මොනවාට හරිම දික් කරන්නේ දබරැඟිල්ල,නෑ මම කියනවා මිනිස්සු මොනවා ගොඩාක් දිග දබරැඟිල්ල
දබරගිල්ල තමා ලොක්කා මම කිව්වා.,දබරැඟිල්ල ලොකු මම කියනවා
ඔන්න මෙයයි ලොක්කා පෙන්නුවේ මහපට ඇඟිල්ල.,ඔන්න මෙයා ලොකු පෙන්නනවා මහපට ඇඟිල්ල
ඒ කොහොමද සීයේ?,ඒ කොහොමද සීයා
මහපට ඇඟිල්ල ඇඟිලි පහෙන් කොටම ඇඟිල්ලනෙ.,මහපට ඇඟිල්ල ඇගිලි පහ කොට ඇඟිල්ල
හොඳයි අපි මෙහෙම කියමුකෝ.,හොඳ අපි මෙහෙම කියනවා
ඔන්න මම මේ පබලු ඇට දෙක බිමට දානවා.,මම මේ පබලු ඇට දෙක බිම දානවා
අහුලන්නකෝ බලන්න.,අහුලනවා බලනවා
හැබැයි මහපට ඇඟිල්ල නැතුව.,හැබැයි මහපට ඇඟිල්ල නෑ
සීයා පබලු ඇට දෙක තුනක් බිමට දැම්මා.,සීයා පබලු ඇට දෙක තුන බිමබිම දානවා
වැඩේ ලේසි වුණේ නැහැ.,"වැඩේ ලේසි නෑ,"
අහුලන්න අමාරුයි.,අහුලනවා අමාරු
ඊළඟට සීයා කිව්වේ හැරමිටිය අල්ලා ගන්න.,ඊළඟ සීයා කියනවා හැරමිටිය අල්ලාගන්නවා
මහපට ඇඟිල්ල නැතුව අල්ලලා අදින්න කියලත්.,මහපට ඇඟිල්ල නෑ අල්ලනවා අදිනවා කියනවා
හරියට කරන්න අමාරුයි වැඩි බලයක් යොදන්න බෑ.,හරි කරනවා අමාරු වැඩි බලය යොදන්න යොදනවා බෑ
සීයා කෝටුවක් දීලා වැල්ලේ ලියන්න කිව්වා.,සීයා කෝටුව දෙනවා වැල්ලෙ ලියනවා කියනවා
බලනකොට ඒ වැඩෙත් මහපට ඇඟිල්ල නැතුව අමාරුයි.,ඒ වැඩේ වැඩ මහපට ඇඟිල්ල නෑ අමාරු
හොඳයි ඇඟිලි දික් කරන්නකෝ.,හොඳ ඇඟිල්ල දික්කරනවා
මහපට ඇඟිල්ලේ තුඩ අනෙක් ඇඟිලිවල දුරට තියන්නකෝ.,මහපටඇඟිල්ල තුඩ අනිත් ඇඟිල්ල දුර තියනවා
දැන් මේ වගේ කරන්න පුලුවන් ඕනෑම ඇඟිල්ලක් තෝරලා මට පෙන්නන්න.,දැන් මේ පුලුවන් ඕනා ඇඟිල්ල තෝරනවා මට පෙන්නනවා
මම තෝරගත්තේ දබරැඟිල්ල,මම තෝරනවා දබර ඇඟිල්ල
අපට ඇඟිල්ල එක ඇඟිල්ලක තුඩක් වත් දබර ඇඟිල්ලට අල්ලන්න බෑ.,අපට ඇඟිල්ල තුඩ දබර ඇඟිල්ල අල්ලනවා බෑ
නංගි තෝරා ගත්තේ මැදගිල්ල.,නංගි තෝරාගන්නවා මැදගිල්ල.
ඒත් එහෙම වෙදගිල්ල හා සුලැඟිල්ල ඒ විදියටම තියලා බැලුවා.,වෙදගිල්ල හා සුලැඟිල්ල ඒක තියනවා බලනවා.
එකක්වත් තියන්න බෑ පුතේ.,ඒක තියනවා බෑ පුතා
මම කිව්වේ මාපට ඇඟිල්ල තමා ඇඟිලි පහෙන්ම ලොක්ක කියලා.,මම කියනවා මාපටඇඟිල්ල ඇඟිල්ල පහ ලොකු
මාපට ඇඟිල්ලේ අරුමය ගැන සිතා බැලුවා.,මාපට ඇඟිල්ල පුදුම හිතනවා.
මෙහෙම ප්‍රශ්නයක් ආවම මම ඒ ගැන තොරතුරු හොයනවා.,මේ ප්‍රශ්නය එනවා මම ඒක සොයනවා
පොතපත කියවනවා.,පොත පොතබලනවා
දන්න අයගෙන් අහනවා.,දන්නවා අහනවා
යමක් තදින් අල්ලා ගන්න.,යමක් තදින් අල්ලාගන්නවා
වතුර බෝතලයේ මූඩිය කරකවන්න.,වතුර බෝතලය මූඩිය කරකවනවා.
පැලයක් ගලවන්න වගේ දේවල් පහසුවෙන් කරගන්න පුලුවන් මාපට ඇඟිල්ල නිසා.,පැල ගලවන්නවා පහසු පුලුවන් මාපට ඇඟිල්ල
බිම වැටුණු යමක් ඇහිඳ ගන්නේ.,බිම වැටුණා දේවල් ඇහිදිනවා
පෑනකින් ලියන්නේ.,පෑන ලියනවා
පින්සලකින් අඳින්නේ.,පින්සල අදිනවා
ඒ වැඩ පහසුවෙන් කරගන්නේ මාපට ඇඟිල්ල නිසා,ඒ වැඩ පහසු කරගන්නවා මාපට ඇඟිල්ල
සතියේ දවස් පහම පාසල් යන අත්තම්මලා ඉන්නවා.,සතිය දවස් පහ පාසල් යනවා අච්චී ඉන්නවා
සිය දූ දරුවන්ගේ දරුවන් කැටුව නැවත පාසැල් යන මේ අත්තම්මලා වගේම අපේ අත්තම්මා දරුවන්ට ආදරෙයි.,තමා දරුවන් රැගෙනයනවා ආපහු පාසල් එනවා මේ ආච්චී අපේ අත්තම්මා දරුවන් ආදරෙයි
ඇය දිනපතා පාසලට එන්නේ යන්නේ තනිවම.,ඇය හැමදාම පාසල එනවා යනවා තනියම
උදේ හයට පමණ පාසල ළඟට එන ඇය එතැන සිටියේ.,උදේ හය පාසල ළඟ එනවා ඇය ඒ ඉන්නවා
පොලිසියේ හෝ වෙනත් ආරක්ෂක අංශයක සේවාවක් නැතත් නිල නොලත් එවැනිම රාජකාරියක් ඇය නියලෙනුයේ සුවච්ඡාවෙන්මයම,පොලිසිය වෙන ආරක්ෂා සේවාව නෑ ඒ රාජකාරිය ඇය කරනවා කැමති
ඇය සේවයට එනවා.,ඇය සේවය එනවා.
පාසලට එන දරුවන් ආරක්ෂිතව පාර මාරු කරනවා.,පාසල එනවා දරුවන් ආරක්ෂා පාර මාරුකරනවා.
පාසල් බස් රථ වෑන් රථ මෙන්ම පාසලට ඉදිරියෙන් එහා මෙහා යනවා.,පාසල බසය වෑන්රථ පාසල එලිය යනවා
වෙනත් වාහන ද කඩිසරව හසුරවනවා.,වෙන වාහන කඩිසර හසුරවනවා.
දරුවන්ගේ රැකවරණය පතා විටෙක සිය දැඩි අණසක පතුරන ඇයගේ මේ සේවය ඒ කාටත් පහසුවකි.,දරුවන් ආරක්ශා හිතනවා දැඩි අණදෙනවා පතුරනවා ඇය මේ සේවය ඒ හැමෝම පහසු
ඇය දරුවන්ට මෙන්ම වැඩිහිටියන්ටද මාර්ග නීති මතක් කර දෙනවා.,ඇය දරුවන් වැඩිහිටියෝ මාර්ග නීති මතක්කරනවා
ඇතැම් රියදුරන්ට තදින් අවවාද කරනවා.,රියදුරන් තදින් අවවාදකරනවා
දරුවන්ට කරුණාවෙන් මග පෙන්නනවා.,දරුවන් කරුණාව මගපෙන්නනවා.
මේ අත්තම්මාගේ වයස අවුරුදු අසූවක් පැනල,මේ ආච්චී වයස අවුරුදු අසූව වැඩි
අවුරුදු හතලිහකට වැඩි කාලයක් ඇය එක දිගට දරුවන් වෙනුවෙන් කැප වූ නමුත් මේ අත්තම්මාගේ රාජකාරියට මාසික වැටුප් නැත.,අවුරුදු හතලිහ වැඩි කාලය ඇය දරුවන් මහන්සිවෙනවා නමුත් මේ ආච්චී රාජකාරිය මාසික වැටුප් නෑ
දියමනාවක් නැත.,දියමනාව නෑ
කිසිදු දියමනාවක් නැත.,කිසිම දියමනාව නෑ
පාසල පැවැත්වෙන හැම දවසකම ඈ සුපුරුදු රාජකාරියේ යෙදෙනවා.,පාසල තියෙනවා හැමදාම ඇය සුපුරුදු රාජකාරිකරනවා
පරක්කු වී පැමිණීම හෝ කෙටි නිවාඩු නැත.,පරක්කු එනවා පොඩි නිවාඩු නෑ
මේ ආච්චිට ආදරය කරන දරුවෝ සිය උපන් දිනවලදී කුඩා කේක් කෑල්ලක් ඉතුරු කර ගෙනවිත් දෙනවා.,මේ ආච්චි ආදරය දරුවන් උපන්දින පොඩි කේක් ඉතුරුකරනවා ගේනවා දෙනවා
දරුවන් ගැන සිතන මේ ආච්චි කිසිදාක නිවාඩු නොගනී.,දරුවන් හිතනවා මේ ආච්චි නිවාඩු නෑ
ඇගේ කැපවීම පුදුමාකාරය.,ඇය කැපවීම පුදුම
ඇය මේ සේවයට හදවතින්ම බැඳී සිටින නිසා විය යුතුය.,ඇය මේ සේවය පපුව බැඳෙනවා ඉන්නවා
කිසිදු ප්‍රතිලාභයක් ලබා නොගෙන ඇය සිදුකරන මේ සේවය සැබෑම ආදර්ශයකි.,කිසිදු වාසි ගන්නවා නෑ ඇය මේ සේවය ආදර්ශය
ඇය මේ සේවය ආරම්භය අහම්බයකි,ඇය මේ සේවය ආරම්භය අහම්බය
සිය එකම දියණිය පාසලට ඇතුලත් කළ දා පටන් ඇය දිගටම මේ පාසලට ආවාය.,එක දියණිය පාසලට ඇතුලත්කරනවා ඇය හැමදාම මේ පාසල එනවා
ඇය දරුවන්ට පාර මාරු වෙන්නට උදව් කළාය.,ඇය දරුවන් පාර මාරුවෙනවා උදව්කරනවා
දරුවන්ගේ ආරක්ශාව වෙනුවෙන් එතුමිය නිතර වෙහෙසුන.,දරුවන්ගේ ආරක්ශා ඇය නිතර මහන්සි
ගුණ ඇති ඇය සිය කාර්ය යුතුකමක් කරගත්තා.,හොද ඇය ඇය රාජකාරිය යුතුකම
පාසලට යන එන ගුරුමහත්වරුන්ට මෙන්ම වැඩිහිටි හැමෝ වුවද ඇගේ සේවය විශාල පහසුවක් වී තිබේ.,පාසලට යනවා එනවා ගුරුතුමා වැඩිහිටි හැමෝම ඇය සේවය විශාල පහසු
ඇයගේ රාජකාරිය කිසිවෙකුගෙන් බාධාවක් එල්ල නොවීය.,ඇය රාජකාරිය කිසිවෙකු කරදර නෑ
අඩු පහසුකම් සහිත කුඩා නිවසක තනියම ජීවත් වුවද ඇය එයින් කළකිරුණේ නැත.,අඩු පහසුකම් කුඩා නිවස තනියම ජීවත්වෙනවා ඇය ඒ කළකිරෙනවා නෑ
ඇය තම සේවය පිළිබඳ සිතා නිරන්තරයෙන් සතුටු වන්නේය.,ඇය තම සේවය පිළිබඳ හිතනවා නිතර සතුට
මගේ මතකයේ හැටියට ගෙදර සුරතල් සතුන් තබා ගැනීම තහනම් කරන නියෝගයක් කිසිදාක තිබුණේ නෑ,මගේ මතක ගෙදර සතුන් තබාගැනීම එපා නීති තිබුනා නෑ
එවැන්නක් අවශ්‍ය වේ යැයි කිසිවෙකු හිතුවේ නෑ,ඒක ඕනා කවුරුත් හිතනවා නෑ
එවැනි නියමයක් තිබුනත් ඔහු එය පිළිගන්නේ නැති බව මට විශ්වාසයි,ඒ නීති තියෙනවා ඔහු ඒ පිළිගන්නවා නෑ මට විශ්වාස
එය ළමයි විවිධ කෑලි එකතු කර සෙල්ලම්බඩු හදනවා වගේ එය ඉතා පරිස්සමෙන් මෙන්ම සැලකිල්ලෙන් කළ යුතු දෙයක්,ඒ ළමයි විවිධ කොටස් එකතුකරනවා සෙල්ලම් බඩුව හදනවා ඒ පරිස්ස්ම් සැලකිල්ල කරනවා
කෙසේ වෙතත් පොළොවෙහි උස ගොඩනැගිලි ඉදිකරන්නට නැති එක වාසියක් ඔවුන්ට තිබුණා එනම් ඔවුන්ට අවශ්‍ය ඕනෑම වෙලාවක තම නිර්මාණයෙන් ඈතට ගොස් ඒ දෙස බලන්නට පුලුවන් වීමයි,පොළොව උස ගොඩනැගිල්ල හදනවා නෑ වාසිය ඔවුන් තියෙනවා ඒ ඔවුන් ඕනා වෙලාව තම නිර්මාණය ඈත යනවා ඒ බලනවා පුලුවන්
සුරතල් සතුන් අවශ්‍ය වූයේ ඇයිද යන්න හෝ ඒ සතා ගෙනාවේ ඇයිද යන්න මගෙන් අහන්න එපා,හුරතල් සතුන් ඕනා ඇයි ඒ සතුන් ගෙනාවා ඇයි මගේ අහනවා එපා
එහෙත් ඔහුගේ තේරීම ඉතාම නුවණක්කාර බව කිව යුතුය,එහෙත් ඔහු තෝරනවා ගොඩාක් නුවණ කියනවා ඕනා
කුරුල්ලා බර ඉතා සුළු ප්‍රමාණයක් වූවා පමණක් නොව ඌට අවශ්‍ය වූයේ සුළු ආහාර ප්‍රමාණයක්,කුරුල්ලා බර ගොඩාක් පොඩි ඌට ඕනා පොඩි කෑම
අනෙක් අතට වෙනත් සතුන් මෙන් ගුරුත්වය රහිත වීමේ තත්ත්වය නිසා බය වුණේ නෑ,අනිත් අත වෙන සත්තු ගුරුත්වය නෑ තත්ත්වය බය නෑ
යානයේ කුරුල්ලෙකු සිටින බව මම දැනගත්තේ දවසක් මගේ කාර්යාලයේ ගබඩා ලැයිස්තු පරීක්ෂා කරමින් සිටියදී,යානය කුරුල්ලා ඉන්නවා මම දන්නවා දවස මගේ කාර්යාලය ගබඩා ලැයිස්තු පරීක්ෂාකරනවා ඉන්නවා
එහෙත් සුපුරුදු විදියට සංගීත රාවය නොනැවතුනු නිසා හිස ඔසවා බැලූ මම දුටුවේ මගේ කාමරේම සිටි කුරුල්ලා,ඒත් වෙනදා සංගීත නවතිනවා ඔලුව උස්සනවා බලනවා මම දකිනවා මගේ කාමරය පිටත කුරුල්ලා
ඌ කුඩා කුරුල්ලෙක්,ඌ කුඩා කුරුල්ලා
ඈ අහසේ රැඳී සිටියේ පිහාටුත් අකුලාගෙනයන පුදුමයෙන් මා ඈ දෙස බලා සිටියදීම ඈ කාමරයෙන් පිටතට ගියා,ඇය අහස ඉන්නවා පිහාටුත අකුලනවා පුදුම මම ඇය බලනවා ඉන්නවා ඇය කාමරය පිටත යනවා
කාමරයෙන් පිටතට ගියේ කිසිම කුරුල්ලෙකු නොකරන ආකාරයට පසුපසට පියෑඹීමෙනුයි,කාමරය පිටත යනවා කුරුල්ලා පසුපස පියාඹනවා
ඔහු ඇයගේ අයිතිකාරයා දවස් ගොඩාක් යනකන් කිවිවේ නෑ,ඔහු ඇය අයිතිකාරයා දවස් ගොඩාක් යනවා කියනවා නෑ
පස්සේ ඇය අයිතිකාරයා කවුද යනවග වැදගත් වුනේ නෑ,පස්සේ ඇය අයිතිකාරයා කවුද වැදගත් නෑ
ඒ වන විට කුරුල්ලා හැමෝගෙම සුරතලා වී තිබුණ නිසා ඇය සඟවා තැබීම එතරම් ලේසි වුනේ නෑ,ඒ කුරුල්ලා හැමෝම සුරතලා ඉන්නවා නිසා ඇය සඟවනවා තියෙනවා අමාරු
ප්‍රශ්නය වුනේ අපි ඇය සඟවන්නට තැත් කළ සමහර අවස්ථාවල ඇය වඩ වඩාත් කෑ ගැසීමයි,ප්‍රශ්නය අපි ඇය සඟවනවා උත්සහකරනවා සමහර අවස්ථා ඇය ගොඩාක් කෑගසනවා
මේ තැන කුරුල්ලෙකු ඇතැයි සැක කරන්නේ කවුද,මේ කුරුල්ලා ඉන්නවා සැකකරනවා කවුද
අපි මේ වන විට පැය දොළහක් වැඩ කර පැය දොළහක් විවේකගත්තා,අපි මේ පැය දොළහක් වැඩකරනවා පැය දොළහක් විවේකගන්නවා
සදාකාලික හිරු එළියේ පාවන අපිට රැයක් දවාලක් තිබුණේ නෑ,හැමදාම හිරුඑළිය පාවෙනවා අපි රෑ දවල් තියෙනවා නෑ
ඒ නිසා යම්කිසි කාල සටහනකට වැඩ කිරීම ලේසි වුණා,ඒ කාලසටහන වැඩකරනවා අමාරු
එදා උදේ හයට මා අවදි වූයේ තරමක ඔලුවේ අමාරුවක් ඇතුවයි,එදා උදේ හය මම අවදිවෙනවා ඔලුව අමාරු තියෙනවා
රෑ තිස්සේ විකාර සිහින කිහිපයක් දුටු බවත් මට මතක තිබුණා,රෑ අමුතු සිහින කිහිපය දකිනවා මට මතක තියෙනවා
මම උදේ ආහාරයට යන්න ලෑස්ති වුනේ දැඩි ලෙස කම්මැලි ගතියකින්,මම උදේ ආහාරය යනවා ලෑස්තිවෙනවා ගොඩාක් කම්මැලි
කෑම මේසෙ වැඩි කතාබහක් උනේ නෑ,කෑම මේසය ගොඩාක් කතාකරනවා තියෙනවා නෑ
එක පුටුවක් හිස්ව තිබුනා,එක පුටුව හිස් තියෙනවා
මම යමක් කීමට පෙර ඔහු කාමරයට ආවා,මම කියනවා කලින් ඔහු කාමරය එනවා
වරදක් සිදුවී තිබෙන බව ඔහුගේ මූනෙන් පේන්න තිබුණා,වරදක් සිදුවෙනවා තියෙනවා ඔහු මූන පේනවා තියෙනවා
ඔහුගේ අනිත් අතේ තිබුනේ කහ පිහාටු ගුලියක්,ඔහු අනිත් අත තියෙනවා කහ පිහාටු ගුලිය
මොකද වුනේ කියලා අපි හැමෝම එකපාර ඇසුවා,මොකක්ද අපි හැමෝම එකපාර අසනවා
මම දන්නේ නෑ මම දකිනකොට ඇය සිටියේ නැහැ,මම දන්නවා නෑ
හොඳයි මුකුත් කරන්න පුලුවන්ද කියල බලමු කියමින් ඇය අතට ගත් ඔහු කුරුල්ලා කනට ලං කලේ හදවත ගැහෙනවාද බලන්නයි,හොඳ යමක් පුලුවන් බලනවා කියනවා ඇය අත ගන්නවා ඔහු කුරුල්ලා කන ළඟ හදවත වැඩකරනවා බලනවා
මට නම් මොකුත් ඇහෙන්නේ නෑ,මට මොකක්ද ඇහෙනවා නෑ
ඒත් ඒකෙන් ඔප්පු වෙන්නේ නෑ ඇය මැරිලා කියලා,ඒක ඔප්පුවෙනවා නෑ ඇය මැරෙනවා
වතුර ටිකක් දීලා බලමු කවුදෝ කිව්වා අපි කවුරුත් පුදුමයට පත් කරමින් ඇයට පණ ආවා,වතුර කුඩා දෙනවා බලනවා කවුද කියනවා අපි හැමෝම පුදුම ඇය පණ එනවා
වෙනදා මෙන් පියාසර කිරීමටත් කෑගැසීමටත් පටන් ගත්තා,වෙනදා පියාඹනවා කෑගසනවා පටන්ගන්නවා
මට මේක තේරෙන්නේ නෑ,මට මේක තේරෙනවා නෑ
ඇයට මීට කලින් කවදාවත් මෙහෙම දෙයක් වෙලා නෑ,ඇය කලින් කවදාවත් මේ නෑ
ගත වූ මිනිත්තු කිහිපයේදීම මගේ මතකයේ යමක් සිදුවෙමින් තිබුණා,යනවා මිනිත්තු කිහිපය මගේ මතකය යමක් සිදුවෙනවා තියෙනවා
මට දැනුනේ මා තාමත් අඩ නින්දේ පසුවෙනවා කියලා එක පාරටම ඇත්ත අවබෝධ වුණා,මට දැනෙනවා මම තාම භාග නින්ද එකපාර ඇත්ත අවබෝධවෙනවා
මේ වාතයේ මොකක් හරි වරදක් තිබුණා,මේ වාතය මොකක්ද වරද තියෙනවා
ඒ දවස්වල පොළොව යට පතල් වැඩ කළ අය ඒවායේ වාතය හොඳද බලන්න ගෙන ගියේ කුරුල්ලෝය,ඒ දවස් පොළොව යට පතල් වැඩකරනවා අය ඒ වාතය හොඳ බලනවා ගෙනයනවා කුරුල්ලෝ
මතක් කල විගසමින් මම කාමරේ පිටත්වුනා,මතක ඉක්මනින් මම කාමරය පිටත්වෙනවා
අපි විවිධ තර්ක ඉදිරිපත් කරා,අපි විවිධ තර්ක ඉදිරිපත්කරනවා
මිනිත්තු දහයකට පමණ පසු ආපසු පැමිණි ඔහු වී ඇති දේ විස්තර කරනවා,මිනිත්තු දහයක පස්සේ ආපසු එනවා ඔහු සිදුවීම විස්තරකරනවා
වාතයේ පිරිසිදුකරන උපකරණය වැඩ කරන්නේ නෑ,වාතය පිරිසිදුකරනවා උපකරණය වැඩකරනවා නෑ
ඔබට කුරුලු වී හඬක් ඇසුනොත් ඒ ගැන පුදුම වෙන්න එපා,ඔබ කුරුලු හඬ ඇසෙනවා ඒ පුදුම එපා
එයින් කියැවෙන්නේ අමතර වියදමක් නැතුව තවත් ආකාරයකින් ඔබ ආරක්ෂා වී ඇති බව පමණයි,එය අමතර වියදම නෑ ඔබ ආරක්ෂා තියෙනවා
පිටුපසින් සංගීත නාදයක් ඇසුනත් මට සිතුණේ එය යම්කිසි ප්‍රකාශයක් කියා,පසුපස සංගීත නාදය ඇසෙනවා මට සිතෙනවා ඒ නිවේදනය
ඇය නිවාඩුවට ගමට ගියාගෙන් කිසිම ආරංචියක් නැති නිසා ඇගේ යාළුවා මදක් කලබල වුණා,ඇය නිවාඩුව ගම යනවා ආරංචි නෑ ඇය යාළුවා කුඩා කලබලවෙනවා
ඇය නිවාඩුවෙන් පසු ගෙදර ආපු දවසේ ඇයගේ යහළුවා ඇයගේ නිහඬතාව ගැන හොයලා බැලුවා,ඇය නිවාඩු පස්සේ ගෙදර එනවා දවස ඇය යහළුවා ඇය නිහඬ සොයනවා
ගියදාට පස්සෙ දවසේ මම ලියුමක් දැම්මා යැයි ඇය කියා සිටියා,යනවා දවස පස්සෙ දවස මම ලියුම දානවා ඇය කියනවා
අනුන්ගේ වැඩවලට උදව්කරන්න යන අයට නොයෙක් කරදරවලට මුහුණ දෙන්න සිදුවෙන්න පුලුවන්,අනුන් වැඩ උදව්කරනවා අය විවිධ කරදර මුහුණදෙනවා පුලුවන්
අනුන්ගේ වැඩවලට උදව්කරන්න යෑමද පරිස්සමින් කළ යුතුයි,අනුන් වැඩවලට උදව්කරනවා යනවා පරිස්සම්
පත්තරේ දැන්වීමක් පලකිරීම,පත්තර දැන්වීම දානවා
සමහරුන්ට රහසක් කියනවා කියන්නේ පත්තරේක දැන්වීමක් දානවා වගේ,සමහරු රහස කියනවා පත්තර දැන්වීම දානවා
ඊට සමහරුන් බලා සිටිනවා,ඒ සමහරු බලනවා ඉන්නවා
යමක් ආරම්භකරනවා,යමක් ආරම්භකරනවා
අලුතින් දාපු සාප්පුවල සෙනඟ එන්න නම් ඒ පුරා දැන්වීම් ගහන්න ඕනා,අලුත් දානවා කඩය සෙනඟ එනවා ඒ ඔක්කොම දැන්වීම් ගහනවා
සමහරු හිතන්නේ සල්ලි පොතේ දැමීම ලාභදායක බව,සමහරු හිතනවා සල්ලි පොතේ දානවා ලාභ
පොලිස් නිලධාරියකු දුටු විට හොරා බයව වෙන බව අමුතුවෙන් කිව යුතු නොවේ,පොලිස් නිලධාරියා දකිනවා හොරා බය අමුතු කියනවා නෑ
සමහර අසනීප හැදීගෙන එන විට දාඩිය දාන්න පටන් ගන්නවා,සමහරු අසනීපවෙනවා දාඩිය පටන්ගන්නවා
ඔවුහු ධනවත් පුද්ගලයෙකි,ඔවුන් ධනවත් පුද්ගලයා
දිනක් යාළුවෙක් අයහපත් කාලයක් උදාවෙන බව ඔහුට කීව නිසා ඔහු එයින් කම්පාවට පත්වුණා,දින යාළුවා අයහපත් කාලය එනවා ඔහු කියනවා ඔහු ඒ දුක
එදා ඔහුගේ ධනය පිරිහුණා,එදා ඔහු ධනය නෑ
ඒ නිසා එදා ඔහුගේ ධනය පිරිහුනා,ඒ නිසා එදා ඔහු ධනය නෑ
ඔහුගේ යාලුවා මේ වෙනස දැක්කා,ඔහු යාලුවා මේ වෙනස දකිනවා
යාලුවා පවසන්නේ අයහපත් කාලය ගැන නොසිතා වෙහෙස වී වැඩකටයුතු කිරීම සුදුසු බව,යාලුවා කියනවා යහපත් නෑ කාලය ගැන සිතනවා නෑ මහන්සි වැඩකරනවා හොඳ
ඒ අදහස පිළිගත් ඔහු යළිත් පෙර පරිදිම වෙහෙස වී වගා කටයුතු හොඳින් සිදුකර ධනවත් පුද්ගලයකු බවට පත්වුණා,ඒ අදහස පිළිගන්නවා ඔහු නැවත කලින් මහන්සි පැලසිටවනවා හොඳ ධනවත් පුද්ගලයා
සතුන් වගේම ගංගා කඳු මුදුන් මල් තනපත් සුළං අපෙන් සහෝදර සහෝදරියෝ නොවන්නේ ද,සත්තු ගංගා කඳු මල් තනකොල සුළං අපේ සහෝදර සහෝදරියෝ නෑ ද
සත්තු ගස් මිනිස්සු යන අපි සියලු දෙනාම එකම ප්‍රාණ වායුව බෙදා ගන්නා එකම පවුලේ අය නොවේද,සත්තු ගස් මිනිස්සු අපි ඔක්කොම එකම ප්‍රාණ වායුව බෙදාගන්නවා එක පවුල නෑ ද
සැබැවින්ම එය සිතා බැලිය යුත්තකි,සැබෑ එය හිතනවා බලනවා
නිල් අහසත් පොළොවේ උණුසුමත් විකිනීම හෝ මිලදී ගැනීම සඳහා වූ ඔබේ අදහස අපට පුරුදු නැත,නිල් අහස පොළොව උණුසුම විකිනීම මිලදීගන්නවා ඔබ අදහස අපට පුරුදු නෑ
සුළඟේ නැව්ම් බව හෝ ජලයේ කාන්තිය අපට අයිති නොවේ නම් ඒවා මිල කිරීමට හෝ මිලදී ගැනීමට ඔබට හෝ අපට හැකියාවක් නැත,සුළඟ නැව්ම් ජලය ලස්සන අපට අයිති නෑ ඒ විකුනනවා මිලදීගන්නවා ඔබ අප හැකියාව නෑ
ඔහුගේ ඒ වදන් අදටත් අපට ඇසේ,ඔහු ඒ වදන් අද අපට ඇසෙනවා
අප මිහිතලයේ කොටසක් වන අතරින් මිහිතලයද අපේම කොටසකි,අප මිහිතලය කොටස මිහිතලය අපේ කොටස
ගංගාවෝ අපගේ සහෝදරයෝ වෙති,ගංගාව අප සහෝදරයෝ
ඔවුහු අපගේ පිපාසය සන්සිදවති,ඔවුන් අප පිපාසය සන්සිදවනවා
අපගේ දරුවන් පෝෂණය කරති,අප දරුවෝ පෝෂණයකරනවා
අපගේත් ඔබගේ සහෝදරයන් බව අමතක නොකරනු මැනවි.,අපේ ඔබේ සහෝදරයෝ අමතක එපා
ඔබේ දරුවන්ට ද එය කියා දෙනු මැනවි,ඔබ දරුවන් එය කියනවා
එතැන් සිට වෙනත් ඕනෑම සහෝදරයෙකුට දක්වන කරුණාව ගංගාවලටද දක්වනු මැනවි,ඒ ඉන්නවා වෙන සහෝදරයා පෙන්නනවා කරුණාව ගංගා පෙන්නනවා
සොබාදහමට අප වඩාත් ළංවිය යුතු බව මෙන්ම සොබාදහමේ විවිධ වස්තු අප රැක ගත යුතු බව ඔහු පවසයි,සොබාදහම අප ගොඩාක් ළඟ සොබාදහම විවිධ වස්තු අප ආරක්ශාකරනවා ඕනා ඔහු කියනවා
ජීවිතය නමැති දැල මිනිසා විසින් වියන ලද්දක් නොවේ,ජීවිතය දැල මිනිසා විසින් වියනවා නෑ
එයට යම් හානියක් වුනොත් ඒ තමාටම කරගන්නා කරදරයකි,එයට හානි ඒ තමා කරදරයක්
ඔහු තවදුරටත් ප්‍රකාශ කරයි,ඔහු තවදුරටත් ප්‍රකාශකරනවා
කුඩා ළමයින් දෙදෙනකු අතර ඇති සහෝදර බැඳීම හා ඔවුන්ගේ ළමා ලෝකය මෙන් නිරූපණය වේ,කුඩා ළමයි දෙක සහෝදර බැඳීම ඔවුන් ළමා ලෝකය මේක පෙන්නනවා
වුන දේට මොනා කරන්න ද,වුන දේ මොනා කරන්න ද
මම හිතලා නෙවෙයි තනියම කෑවේ බැරි වෙලානේ,මම හිතනවා නෑ තනියම කනවා බෑ
අන්න එකනේ වැරැද්ද,අන්න ඒක වැරැද්ද
මොකද ඕක සීනි බෝලයක්නේ ඕක කෑවට බඩ පිරෙන්නේ නෑ,මොකද ඕක සීනි බෝලය ඒක කෑවට බඩ පිරෙනවා නෑ
ඒ වුනා ට දුන්නේ නැති එකනෙ වැරැද්ද,ඒක වෙනවා දෙනවා නැති එක වැරැද්ද
ඇත්තම ඉතුරු වුනේ නැත්තම් කොච්චර හොඳ ද,ඇත්තම ඉතුරු නෑ කොච්චර හොඳ ද
මං කඩේට ගියේ බඩු ගෙන එන්න,මං කඩය යනවා බඩු ගේනවා
ඉතුරු සල්ලි වලට මුදලාලි දුන්නේ සීනි බෝලයක්,ඉතුරු සල්ලි මුදලාලි දෙනවා සීනි බෝලය
මම එය කටේ දමා ගත්තේ ඉවක් බවක් නැති අයෙකු වගේ,මම ඒක කට දානවා ඉවක්බවක් නෑ
එවිට මගේ කටට දැම්මේ කෙතරම් රසයක්ද,ඒ මගේ කට දානවා කෙතරම් රස ද
මගේ කටේ ඒ වෙනුවට දැන් ඇත්තේ අප්පිරියාවකි තිත්ත රසකි,මගේ කට ඒ වෙනුවට දැන් තියෙනවා අප්පිරියාව තිත්ත රස
සීනි බෝලය දකින කොටම මගේ කටට ඉනූ කෙළ දැන් හිඳී ගොස්ය,සීනි බෝලය දකිනවා මගේ කට කෙළ එනවා දැන් නෑ
දතෙහි රැඳී ඇත්තේ තිත්ත රසකි,දත තියෙනවා තිත්ත රස
මම හාල් මල්ලෙන් හාල් ඇට කීපයක් කටේ දමාගත්තා,මම හාල් මල්ල හාල් ඇට කීපයක් කට දමාගන්නවා
එයින් මගේ කටේ තිත්ත රස වෙනස් වෙතැයි සිතුවෙමි,ඒක මගේ කට තිත්ත රස වෙනස්වෙනවා සිතනවා
වුනේ තිත්ත රස තවත් වැඩිවීම,තිත්ත රස වැඩි
නංගි මට නොදී කිසිවක් කන්නේ නෑ,නංගි මට දෙනවා නෑ කනවා නෑ
නංගි ලෝභ වුවද මට සීනි බෝල ගෙනත් දුන් වාර කිහිපයකි,නංගි ලෝභ මට සීනි බෝලය ගේනවා දෙනවා ගොඩාක්
අම්මා පොළෙන් ගෙන එන කඩල මුල නංගි මුලින්ම ගෙනෙන්නේ ද මා ළඟටය,අම්මා පොළ ගේනවා එනවා කඩල නංගි මුලින් ගේනවා මම ළඟ
මගේ කොටස ඉවර වූ පසු ඇයගේ අතෙහි ඇති කඩල ඇට කීපය එකිනෙක මා අත තබයි,මගේ කොටස ඉවර පස්සේ ඇය අත තියෙනවා කඩල ඇට මගේ අත තියෙනවා
ඒවායේ ඇති සුවඳ මට දැනෙන්නේ ඒවා කෙතරම් රසද,ඒවා තියෙනවා සුවඳ මට දැනෙනවා ඒවා කෙතරම් රස ද
නංගී නිතරම වාගේ කඩයට ගියා,නංගී නිතර කඩය ගියා
ඇය ඉතුරු වන මුදල්වලට සීනි බෝලයක් ගෙනාවා,ඇය ඉතුරු මුදල් සීනි බෝලය ගේනවා
ඇය එය අතේ තබාගෙන දහඩියෙන් තෙත් වී ඇත,ඇය එය අත තියෙනවා දහඩිය තෙත තියෙනවා
මගේ කටින් කඩාගත් කෑල්ල ඇය කන්නෙ කොතරම් සතුටින්ද,මගේ කට කඩනවා කෑල්ල ඇය කනවා කොතරම් සතුට ද
නංගී උදේ පාන්දරින්ම නැගිටිනවා,නංගී උදේ පාන්දර නැගිටිනවා
ඇය කළුවරේම දුවනවා,ඇය කළුවර දුවනවා
ඇය හැම තැනම බලනවා,ඇය හැම බලනවා
ඇය ඒවා ළඟ තබා ලොකු කුඩා බලයි,ඇය ඒවා ළඟ තියෙනවා ලොකු කුඩා බලනවා
ඇය පළමුව එකක් දෙන්නේ මට,ඇය මුලින් එකක් දෙනවා මට
එය කන්නේ ඈත් මාත් එකතු වෙලා,එය කනවා ඇය මම එකතු වෙනවා
අපි ඒවා කාලා ඉවර කලා,අපි ඒක කනවා ඉවර
එහෙත් නංගි කෑල්ලකට දෙකකට වඩා කන්නේ නැත,නංගි කෑල්ල දෙක කනවා නෑ
මට ඔච්චර කන්න බෑ,මට ඔච්චර කන්න බෑ
මම වරෙක කියෙව්වා,මම කියෙව්වා
නංගී ඒවා පසුව මා ළගට සිනහාසෙමින් ගෙන එන හැටි මට සිහිවුණා,නංගී ඒවා පස්සේ මම ළග සිනාසෙනවා ගේනවා එනවා මට මතක
ඒවායින් ගොඩාක් කන්නේ මම,ඒවා ගොඩාක් කනවා මම
ඇගේ සතුට තව තවත් වැඩිවේ,ඇය සතුට ගොඩාක් වැඩි
වත්ත පහළ ඇවිදීමට ගියා,වත්ත පහළ ඇවිදීම යනවා
මම ඇය අමතක කර ඇත,මම ඇය අමතක
මම ලොකු වැරැද්දක් කර ඇත,මම ලොකු වැරැද්ද
ඒත් මං කෑව එක කෑවේ නංගිට නොදී,ඒත් මං කනවා නංගි දෙනවා නෑ
ඒත් මා ඇයට නොදී කෑවා නෙමෙයි,මම ඇය දෙනවා නෑ කනවා නෑ
යමෙකු මා පසුපස එනවා,කෙනෙක් මම පසුපස එනවා
ඇය මා ගෙදර යන විට අසනු ඇත,ඇය මම ගෙදර යනවා අසනවා
මා කියන්නේ කුමක්ද,මම කියනවා කුමක්ද
ඒ කෑවේ නංගිට නොදීනේ,ඒ කනවා නංගි දෙනවා නෑ
පාරේ දූවිලි ඇවිස්සී ඇත ඒවා මගේ කන නාසයට වලට පවා ඇතුළු වෙයි,පාර දූවිලි ඇවිස්සෙනවා තියෙනවා ඒක මගේ කන නාසය ඇතුළ
හිරුඑළිය ලෝකයට ගොඩාක් වාසි ලබා දේ,හිරුඑළිය ලෝකය ගොඩාක් වාසි දෙනවා
කිසි වියදමක් නැතුව වෙහෙසක් නැතුව එය ලබා ගත හැකියි,වියදම නෑ වෙහෙස නෑ ඒක ගන්නවා පුලුවන්
තමන් සිටිනා තැනටම එය පැමිණේනම් කුමන වියදමක්ද,තමන් ින්නවා තැන ඒක එනවා වියදම නෑ
කුමන වෙහෙසක් ද,කුමක්ද වෙහෙස ද
දුප්පත් පොහොසත් උසස් පහත් සියලු දෙනාටම හිරුඑළිය එක සේ ලැබේ,දුප්පත් පොහොසත් උසස් පහත් හැමෝම හිරුඑළිය ලැබෙනවා
එයින් මහත් වැඩ සිදුවනුයේ මිනිසාටය,ඒක ගොඩාක් වැඩ මිනිසා
කළ යුත්තේ හිරු එළිය එන මඟ නොවැසීම පමණි,කරනවා ඕනා හිරුඑළිය එනවා මඟ වහනවා
ගෙදරක නම් බොහෝ දොර කවුළු තිබිය යුතුය,ගෙදර ගොඩාක් දොර ජනෙල් තියෙනවා ඕනා
මම දකිනකොට ඇය සිටියේ නෑ,මම දකිනවා ඇය ඉන්නවා නෑ
ආයුබෝවන් දරුවනි,ආයුබෝවන් දරුවා
ආයුබෝවන් ගුරුතුමී,ආයුබෝවන් ගුරුතුමිය
දැන් හැමෝම වාඩිවෙන්න,දැන් හැමෝම වාඩිවෙන්න
සෙල්ලම් පංතිය ආරම්භ කළා,සෙල්ලම් පංතිය ආරම්භකරනවා
යාළුවො සියලු දෙනාම පංතියට සහභාගී වුණා,යාළුවො හැමෝම පංතිය සහභාගීවෙනවා
අද අපි අකුරු එක්ක සෙල්ලමක් කරනවා,අද අපි අකුරු සෙල්ලම්කරනවා
හැමෝම ඒකට සහභාගී වෙන්න ඕනා,හැමෝම ඒකට සහභාගීවෙනවා ඕනා
හැමෝටම ඇහෙන්න හයියෙන් කිව්වා,හැමෝටම ඇහෙනවා හයියෙන් කිව්වා
ඉස්සෙල්ලාම මම අකුරක් කියනවා,මුලින්ම මම අකුර කියනවා
ඊට පස්සේ ඉස්සරහම ඉන්න කෙනා ඒකට පිල්ලක් දාලා කියන්න ඕනා,ඊට පස්සේ ඉස්සරහ ඉන්නවා ඒක පිල්ල දානවා කියනවා ඕනා
ඊළඟට ඉන්න කෙනා තවත් පිල්ලක් දාලා කියන්න ඕනා,ඊළඟ ඉන්නවා කෙනා තව පිල්ල දානවා කියනවා ඕනා
හැමෝටම තේරුණාද,හැමෝටම තේරෙනවා ද
එහෙනම් මම පටන් ගන්නවා,එහෙනම් මම පටන්ගන්නවා
හොඳයි හැමෝම ඒ සෙල්ලම හොඳට කරා,හොඳ හැමෝම ඒ සෙල්ලම හොඳ
ඒ අනුව අනෙක් ළමයිද පිළි යොදා අකුරු කිව්වා,ඒ අනුව අනෙක් ළමයි පිළි දානවා අකුරු කියනවා
හොඳයි මම තව අකුරක් කියනවා,හොඳ මම තව අකුර කියනවා
අපි තව සෙල්ලමක් කරමු,අපි තව සෙල්ලම්කරනවා
හැමෝම දෙන්නා දෙන්නා එකතු වෙන්න,හැමෝම දෙක දෙක එකතුවෙනවා
සෙල්ලම කරන විදිහ මම කියලා දෙන්නම්,සෙල්ලම්කරනවා මම කියනවා දෙනවා
එක්කෙනෙක් අහසේ අකුරක් ලියන්න ඕනා,එක්කෙනෙක් අහස අකුර ලියනවා ඕනා
අනිත් කෙනා ඒක කියවන්න ඕනා,අනිත් කෙනා ඒක කියනවා ඕනා
කියෙව්වොත් දිනුම් නැතිනම් පරාදයි,කියෙවනවා දිනුම් නෑ පරාද
ඒ විදිහට හැමෝම ඒක සෙල්ලම් කරන්න,ඒ හැමෝම ඒක සෙල්ලම්කරනවා
සෙල්ලම හරියට කරනවද බලන්න මම එනවා,සෙල්ලම් හරි බලනවා මම එනවා
සියලුදෙනාම සතුටින් සෙල්ලමේ නිරතවුනා,හැමෝම සතුට සෙල්ලම්කරනවා
ඇය ගුරුවරියක මෙන් පංතිය වටා ඇවිද්දා,ඇය ගුරුවරිය පංතිය වටේ ඇවිදිනවා
සියලු දෙනාම සතුටින් ක්‍රීඩා කරා,හැමෝම සතුට සෙල්ලම්කරනවා
බොහොම හොඳ අපි තව සෙල්ලමක් කරමු,බොහොම හොඳ අපි තව සෙල්ලමකරනවා
දැන් හැමෝම කොළය බැගින් අරගෙන තීරු හයක් ඇති වගුවක් ඇඳගන්න,දැන් හැමෝම කොළය ගන්නවා තීරු හය වගුව අඳිනවා
උඩම පේලියේ ගැහැණු පිරිමි මල් පලතුරු සත්තු ගම් කියා ලියන්න,උඩ පේලිය ගැහැණු පිරිමි මල් පලතුරු සත්තු ගම් ලියනවා
ඇය කොලේක පහත සඳහන් පරිදි ලියා පෙන්නුවා,ඇය කොල පහත ලියනවා පෙන්නනවා
මම අකුරක් කියනවා,මම අකුර කියනවා
ඒ අකුරෙන් පටන් ගන්නා නම් වලින් වගුව සම්පූර්ණ කරන්න ඕනා,ඒ අකුර පටන්ගන්නවා නම්ව වගුව සම්පූර්ණ කරනවා
ඕනා නම් අකුරට පිළි යොදන්න පුලුවන්,ඕනා අකුර පිළි යොදනවා පුලුවන්
එක නමකට ලකුණු දහයක් ලැබෙනවා,එක නම ලකුණු දහය ලැබෙනවා
ඒත් එක්කම ඒත් එකම නම දෙන්නෙක් ලියලා තිබුනොත් දෙන්නටම ලකුණු පහ බැගින් ලැබෙන්නේ,ඒ සමඟ සමාන නම දෙක ලියලා තියෙනවා දෙක ලකුණු පහ ලැබෙනවා
ඇය අකුරක් කිව්වා,ඇය අකුර කියනවා
සියලු දෙනාම ඒ අකුරෙන් පටන් ගන්න වචන යොදා තම තමන්ගේ වගුව සම්පූර්ණ කළා,හැමෝම ඒ අකුර පටන්ගන්නවා වචන යොදනවා තමන් වගුව සම්පූර්ණකරනවා
ඔහු ලියා තිබුනු නම් අනික් අය ලියා තිබුණේ නෑ,ඔහු ලියනවා තියෙනවා නම් අනික් අය ලියනවා තියෙනවා නෑ
ඒ නිසා ඔහුට ලකුණු දහය බැගින් ලකුණු හැටක් ලැබුණා,ඒ ඔහු ලකුණු දහය ලකුණු හැට ලැබෙනවා
ගුරුතුමිය තව අකුරු දහයක් කීවා,ගුරුතුමිය තව අකුර දහය කියනවා
අවසානයේදී සියලු දෙනාම තම තමන්ගේ ලකුණු එකතු කර බැලුවා,අවසානය හැමෝම තමන් ලකුණු එකතුකරනවා බලනවා
වැඩිම ලකුණු ගෙන ජයග්‍රහණය කළේ ඔහු,වැඩි ලකුණු ගන්නවා දිනනවා ඔහු
සියලු දෙනාම අත්පොළසන් දී ඔහුට සතුට පළ කළා,හැමෝම අත්පුඩිගහනවා ඔහු සතුට පෙන්නනවා
ආයුබෝවන් දරුවනේ,ආයුබෝවන් දරුවා
අපි ඊළඟ දවසේ තවත් සෙල්ලමක් කරමු,අපි ඊළඟ දවස තව සෙල්ලම්කරනවා
ආයුබෝවන් ගුරුතුමී,ආයුබෝවන් ගුරුතුමිය
පාඩම කියවා පහත සඳහන් ප්‍රශ්නවලට උත්තර දෙන්න,පාඩම පොතබලනවා පහත තියෙනවා ප්‍රශ්න උත්තරදෙනවා
සෙල්ලම් පන්තියේ ගුරුවරයා කවුද,සෙල්ලම් පන්තිය ගුරුවරයා කවුද
සෙල්ලම් පන්තියේ කළ සෙල්ලම් මොනවාද,සෙල්ලම් පන්තිය සෙල්ලම් මොනවාද
සෙල්ලම් පන්තියේ සිටි ළමයි කීප දෙනෙක්ගේ නම් සදහන් කරන්න,සෙල්ලම් පන්තිය ඉන්නවා ළමයි නම් සදහන්කරන්න
සියලු දෙනාම ඔහුට අත්පොළසන් දුන්නේ ඇයි,හැමෝම ඔහුට අත්පුඩිගසනවා ඇයි
වචන ඇසුරින් කරන ක්‍රීඩාවක් සඳහා වචන වැඩිපුර දැනගැනීමට ඔබට කළ හැක්කේ මොනවාද,වචන සෙල්ලම් සඳහා වචන ගොඩාක් දැනගන්නවා ඔබ පුලුවන් මොනවාද
සිහිනයක ජීවත් වූ පුංචි දැරියක් සිටියා,සිහිනය ජීවත්වෙනවා පුංචි දරුවා ඉන්නවා
ඇයගේ අම්මා තාත්තා ආත්තම්මා ලොකු අම්මා වගේ පවුලේම අය ඒ සිහිනවල ජීවත් වුණා,ඇය අම්මා තාත්තා ආත්තම්මා ලොකුඅම්මා පවුල ඒ සිහිනය ජීවත්වෙනවා
ඒ වගේම ගමේ අසල්වැසි වැඩිහිටියෝ සහ නෑදෑයෝද ගමට ආගිය අය ද ඒ අතර උනා,ගමේ අසල්වැසියා වැඩිහිටියා නෑදෑයා ගම එනවා යනවා ඒ ඉන්නවා
එපමණ නොව ඇය ජීවත්වුන පරිසරයේ පණ ඇති පණ නැති හැමදේම වගේ එයාට ලස්සන සිහිනයක්ම වුනා,ඇය ජීවත්වෙනවා පරිසරය පණ ඇති පණ නැති හැමෝම එයා ලස්සන සිහිනය
සැබෑ ලෝකයේ අසන දකින බොහෝ දේ ඇය සිහිනයක් සේ මතකයේ තබා ගත්තා,සැබෑ ලෝකය අහනවා දකිනවා ගොඩාක් ඇය සිහිනය මතකය තියාගන්නවා
මේ සිහින අප නින්දේදී දකින සිහින නම් නොවේ,මේ සිහිනය අප නින්ද දකිනවා සිහිනය නෑ
ඇගේ ගම නගරයට ඉතාම කිට්ටුව සුන්දර ගම්මානයකි,ඇය ගම නගරය ගොඩාක් ළඟ ලස්සන ගම
මල් පලතුරු ගහ කොළ වලින් පිරුණු නිතරම සීතල සුළඟ හමන මේ ගම ගැන අපූරු මතක සටහන් ඇයගේ සිහිනවල තිබුනා,මල් පලතුරු ගහ කොළ පිරෙනවා නිතර සීතල සුළඟ හමනවා මේ ගම අපූරු මතක සටහන් ඇය සිහිනය තියෙනවා
උදෑසනම අවිදි වී ගේ අවට සිරියාව අත්විඳිමින් මේ පුංචි දැරිය අමුතුම සිහින සිතින් මවාගත්තා,උදෑසන අවිදිවෙනවා ගෙදර වටේ සිරියාව අත්විඳිනවා මේ පුංචි දරුවා අමුතු සිහිනය හිත මවාගන්නවා
වත්තේ කෙළවරේ උස තැනක පිහිටා තිබුණු මල් උඩයි මගෙ රාජධානිය,වත්ත කෙළවර උස තැන තියෙනවා මල් උඩ මගේ රාජධානිය
ඕනෑ තරම් හීන මවන්න මට පුලුවන් වුන තැනක් තමයි ඒ මල්,ඕනා හීන මවනවා මට පුලුවන් තැන ඒ මල්
ළමා කාලයේ ඇයගේ මතක කියාපෑවේ එලෙසය,ළමා කාලය ඇය මතක කියනවා ඒක
ගමේ ගුරු පාර අඩිපාර වේල් නියර දිගේ ගොස් ඇළ හරහා ලී පාලමෙන් පැන අම්මාත් සමඟ පන්සල් වටේ ගිය හැටි ඇයට මතකය,ගම ගුරුපාර අඩිපාර වේල් නියර දිගේ යනවා ඇළ හරහා ලී පාලම පනිනවා අම්මා සමඟ පන්සල් වටේ යනවා ඇය මතක
ආච්චී සමග නිදහසේ ගම් ගොඩේ ඇවිද ගිය ළමා කාලය ඈට ඉතා සොඳුරු සිහිනියක් විය,ආච්චී සමඟ නිදහස් ගම ඇවිදිනවා ළමයි වේලාව ඇය ඉතා ලස්සන සිහිනිය
ලොකු අම්මා ඇගේ මේ අහිංසක සිහිනවල සිටි අපූරු වීරවරියයි,ලොකුඅම්මා ඇය මේ අහිංසක සිහිනය ඉන්නවා අපූරු වීරවරිය
හැමදාම ලොකු අම්මා පොල්ලෙළි තැලීමට ගියා,හැමදාම ලොකුඅම්මා පොල්ලෙළි තලනවා යනවා
තලන ලද ලෙළි කොහු උනාට පසු ලොකු අම්මා ඒවා ගෙනැවිත් මිදුලේ දමා වේලාගත්තා,තලනවා ලෙළි කොහු උනාට පස්සේ ලොකුඅම්මා ඒක ගේනවා මිදුල දානවා වේලාගන්නවා
වේලුනු කොහු නෙළීමෙන් ඈ හදාගත්තේ මිදුල මැද රන්වන් කොහු වළාකුලක්,වේලනවා කොහු නෙළීම ය හදාගන්නවා මිදුල මැද රන්වන් කොහු වළාකුල
ඒ වළාකුලේ මා පෙරළි පෙරළි සෙල්ලම් කලේ පූස් පැටවකු වගේ,ඒ වළාකුල මම පෙරලෙනවා සෙල්ලම්කරනවා පූස් පැටියා
මගේ පුංචි හිත පුදුම සිහින ලෝකෙක සැඟවිලා,මගේ පුංචි හිත පුදුම සිහිනය ලෝකය සැඟවෙනවා
ඒත් තුළිනුයි මගේ මුළු ජීවිතයටම බලපාන ලෙස නිර්මාණශීලී අඩිතාලම වැටුනා,ඒ ඇතුල මගේ ඔක්කොම ජීවිතය බලපාන නිර්මාණශීලී අඩිතාලම වැටෙනවා
මගේ කලා ජීවිතයේ මුල් ගුරුතුමිය හැටියට මගේ අහිංසක ලොකු අම්මා මං හැමදාම සිහිපත් කරනවා,මගේ කලා ජීවිතය මුල් ගුරුතුමිය මගේ අහිංසක ලොකුඅම්මා මම හැමදාම සිහිපත්කරනවා
මේ පුංචි දැරිය ඇගේ ප්‍රියතම වැඩිහිටි නෑදෑයා ගැන පසු කාලෙක එසේ කීවා,මේ පුංචි දැරිය ඇය කැමති වැඩිහිටි නෑදෑයා පස්සේ කිව්වා
මිදුලේ වැල්ලේ කෝටුවකින් පමණක්ම පින්තූර අඳින්න පුරුදුවී සිටි මේ දරුවා එදින නිදහසේ චිත්‍රයක් ඇන්දා,මිදුල වැල්ල කෝටුව පමණක් පින්තූර අඳිනවා පුරුදු ඉන්නවා මේ දරුවා ඒ දවස නිදහස අඳිනවා
ඒ අලුත් අවුරුද්දට ලාකොළ පාටින් සායම් කළ ගෙයි මැද සාලයේ බිත්තියේ,ඒ අලුත් අවුරුද්ද ලාකොළ පාට තීන්ත ගෙදර මැද සාලය බිත්තිය
අඟුරු කෑල්ලකින් ඇන්ද චිත්‍රය මුලින්ම දුටුවේ තාත්තා,අඟුරු කෑල්ල අඳිනවා මුලින් දකිනවා තාත්තා
එදා පටන් ඇය තමාගේ සිහින විවිධාකාරයෙන් සිතුවමට නැඟුවා,එදා ඇය තමා සිහිනය විවිධ අඳිනවා
ඒ පාට පාට හිතුවම් වලට ගැළපෙන කතන්දර ගොතන්නට ඇයට හැකි වුනා,ඒ පාට පාට චිත්‍ර කතන්දර හදනවා ඇය පුලුවන්
ඇගේ සිහිනද තවත් අලුත් වූනා,ඇගේ සිහිනය තව අලුත්
වයස අවුරුදු හයේදී ඇයට ගමින් නගරයට එන්නට සිදුවුනා,වයස අවුරුදු හය ඇය ගම නගරය එනවා
එහිදී ද ඇය ඒ ගමේ මතකයේම ජීවත් වුණා,එහි ඇය ඒ ගම මතකය ජීවත්වෙනවා
ඇය ඒ සිහිනවලම ජීවත්වුනා,ඇය ඒ සිහිනය ජීවත්වෙනවා
වයස අවුරුදු අනූව ඉක්මවා සිටියදී ද ඇය ඒ සිහින ලෝකයේම ජීවත් වූ දැරියගේ අත්දැකීම් අපිට කියනවා,වයස අවුරුදු අනූව ඉක්මවා ඉන්නවා ඇය ඒ සිහිනය ලෝකය ජීවත්වෙනවා දරුවා අත්දැකීම් අපිට කියනවා
ඇය පොත් විශාල ප්‍රමාණයක් සිංහලෙන් මෙන්ම ඉංග්‍රීසියෙන් ද ලියා පළ කර තිබෙනවා,ඇය පොත් ගොඩාක් සිංහල ඉංග්‍රීසි ලියනවා තිබෙනවා
මේ නැන්දා ළමා තරුණ වැඩිහිටි හැමෝගෙම ආදරය දිනාගත්තා,මේ නැන්දා ළමා තරුණ වැඩිහිටි හැමෝම ආදරය දිනාගන්නවා
ඇය අපේ රටට විශාල කීර්තියක් අත්පත් කර දුන්නා,ඇය අපේ රට විශාල කීර්තිය දෙනවා
එතුමියගේ චිත්‍ර දකින අපිට දැනෙන සතුටක්,ඇය චිත්‍ර දකිනවා අපිට දැනෙනවා සතුට
ඇගේ ළමා වියේ සිහිනියක්,ඇගේ ළමයා සිහිනිය
මා තුළ ඉන්නේ චරිත දෙකක්,මා ඇතුල ඉන්නවා චරිත දෙකක
සිහින දකිනා පොඩි ළමයෙක් ආදරේ හඳුනන වැඩිහිටියක්,සිහින දකිනවා පොඩි ළමයා ආදරය දන්නවා වැඩිහිටියා
දෙන්නා එකතුවෙලා රස විඳිමින් මතු කර දෙන්නේ සිහින,දෙක එකතුවෙනවා රසවිඳිනවා මතුකරනවා සිහිනය
ඒ සිහින නිසාම අපි ඇයගේ පොත් කියවා රසවිඳිමු,ඒ සිහිනය අපි ඇය පොත පොතබලනවා රසවිඳිනවා
ඇය කුඩා කල සිහින මැවූ ස්ථානය කුමක්ද,ඇය කුඩා කාලය සිහිනය දකිනවා ස්ථානය කුමක්ද
ඇයගේ ප්‍රියතම නෑදෑයා කවුද,ඇය කැමති නෑදෑයා කවුද
ඇය ගෙදර බිත්තියේ ඇති සිතුවම අගය කළේ කවුද,ඇය ගෙදර බිත්තිය තියෙනවා සිතුවම අගයකරනවා කවුද
ඇය තුළ ජීවත්වන චරිත දෙක මොනවාද,ඇය ඇතුල ජීවත්වෙනවා චරිත දෙක මොනවාද
පාසලේ නිවාඩුවට පොත් කඩේ පොතින් පොතට පියාඹා යමින් හරිම සැහැල්ලුවේ,පාසල නිවාඩුව පොත කඩය පොත පියාඹනවා යනවා ගොඩාක් සැහැල්ලුව
තාත්තාගේ කොටු කමිසයේ උඩ සාක්කුවේ බර අඩු වෙනවා දැක්කහම ඇති කියා හිතේ,තාත්තා කොටු කමිසය උඩ සාක්කුව බර අඩු දකිනවා ඇති හිතනවා
ගොඩක් තෑගි ලැබුණු පොත් ගොඩක් තියනවා,ගොඩාක් තෑගි පොත ගොඩාක් තියනවා
පොතින් පොතට මම ගිය දුර දුටු කෙනෙකු නැතේ,පොත මම යනවා දුර දකිනවා කෙනෙක් නෑ
කවි රචනා කතා ගීත ලියූ කොළගොඩේ නමක් නැති උනත් කියවූ පොත් මතකයේ ඇතේ,කවි රචනා කතා ගීත ලියනවා කොළ ගොඩාක් නම නෑ පොතකියවනවා පොත මතකය ඇත
හිතයි පොතයි නෙතයි අතයි එකට එකතු වෙලා,හිත පොත ඇස අත එකතුවෙනවා
පිටු අතරින් ඉගිලෙමි පොත් කුරුල්ලෙකු වෙලා,පිටු අතර ඉගිලෙනවා පොත් කුරුල්ලා
තාත්තාගේ සාක්කුවේ බර අඩුවෙනවා කියන්නේ ඇයි,තාත්තා සාක්කුව බර අඩුවෙනවා කියනවා ඇයි
පොත් ගොඩක් තෑගි ලැබුණු බව කියවන කොටස පෙන්නන්න,පොත ගොඩාක් තෑගි බව කියනවා කොටස පෙන්නනවා
එහෙනම් දැන් ඔයගොල්ලෝ සූදානම් වෙන්න,එහෙනම් දැන් ඔයාලා සූදානම්වෙනවා
අපි අපි අද ඒ කතාව රඟපාමු,අපි අපි අද ඒ කතාව රඟපානවා
හරිම අපූරුවට ඔයාලා නාට්‍යයට සූදානම් වෙලා,ගොඩාක් අපූරු ඔයාලා නාට්‍යය සූදානම්වෙනවා
අතන ඇත්තටම වතුර හැලියක් ලිපේ,අතන ඇත්ත වතුර හැලිය ලිප
මම නැවතත් ඕගොල්ලොන්ට මේ දෙන අවවාදය මතක් කරලා දෙන්නම්,මම නැවත ඔයාලා මේ දෙනවා අවවාදය මතක්කරනවා දෙනවා
කවදාවත් අනුන් රවටන වැඩ හොඳ නෑ,කවදාවත් අනුන් රවටනවා වැඩ හොඳ නෑ
නාට්‍ය අවසන් වෙන්න ඕනෑ එහෙම,නාට්‍ය අවසන්වෙනවා ඕනෑ එහෙම
දරුවනේ හැලියේ ඇත්තටම කැඳ ඉදෙනවානේ,දරුවෝ හැලිය ඇත්ත කැඳ ඉදෙනවා
ඒක වුණේ කොහොමද,ඒක කොහොමද
රවටන එක හොඳ නැහැනේ ගුරුතුමී,රවටනවා එක හොඳ නෑ ගුරුතුමිය
මාත් හාල් ටිකක් දැම්මා,මම හාල් ටිකක් දානවා
අපි හැමෝම හාල් දැම්මා,අපි හැමෝම හාල් දානවා
පුතේ මේ කෑම බල්ලාට ගිහින් දෙන්න,පුතා මේ කෑම බල්ලා යනවා දෙනවා
කෝ දෙන්න අම්මේ,කෝ දෙනවා අම්මා
දැන් රෑ වුනා,දැන් රෑ වෙනවා
ඕක වහල නිදාගන්න,ඕක වහනවා නිදාගන්නවා
හා අම්මේ,හා අම්මා
මහත්තයා මට බඩගිනියි,මහත්තයා මට බඩගිනි
මොන පව් වැඩක්ද මන් ඒ කලේ,මොන පව් වැඩ මන් ඒ කරනවා
මට සමාවෙන්න,මට සමාවෙන්න
මම යන්නම්,මම යනවා
ආයේ මං මෙහෙම වැරදි කරන්නේ නෑ,මම මෙහෙම වැරදි කරන්නේ නෑ
මට හීනෙන් ඇවිත් කතාකලේ ඌගේ බඩගිනි වේදනාව,මට හීන එනවා කතාකරනවා ඌ බඩගිනි වේදනාව
එන්න දකුණු පැත්තට,එනවා දකුණු පැත්ත
මේක වාහන යන පාර,මේක වාහන යනවා පාර
ඔයා නිකන් යන්න,ඔයා නිකන් යන්න
මම දන්න මිනිහා,මම දන්නවා මිනිහා
කොහොම ගියත් එකයි,කොහොමද යනවා එක
පාරේ නීතිය දන්න කෙනා යන්නේ දකුණු පැත්තෙන්,පාර නීතිය දන්නවා කෙනා යනවා දකුණ
ඒකේ තේරුම වාහන එන්නේ වම් පැත්තෙන්,ඒක තේරුම වාහනය එනවා වම් පැත්ත
ඔයා පණ්ඩිතයා,ඔයා පණ්ඩිතයා
ඔයා හිතනවා වැඩියිනේ,ඔයා හිතනවා වැඩි
මම කියන්නේ මේ පාරේ දකුණු පැත්තෙන් ගමන් කරන කෙනාට තමා කිට්ටුවෙන් යන වාහනයක් කල් තියා පේන්නේ,මම කියනවා මේ පාර දකුණු පැත්ත ගමන්කරනවා කෙනා ළඟ යන වාහනය කලින් පේනවා
වාහනේට අවශ්‍ය ඉඩ දීලා අයින් වෙන්න පුලුවන්,වාහනය අවශ්‍ය ඉඩදෙනවා අයින්වෙනවා පුලුවන්
ඇති ඇති යන්න පාර බලාගෙන,ඇති ඇති යනවා පාර බලනවා
වාහනයකට අපි පැනලා ඉඩ දෙන්න ඕනේ නෑ,වාහනය අපි පනිනවා ඉඩදෙනවා ඕනා නෑ
සිසුන් රඟපෑමට සූදානම් වුන කතාව මොකක්ද,සිසුන් රඟපානවා සූදානම් කතාව මොකක්ද
ඒ කතාවෙන් දෙන ආදර්ශය මොකද්ද,ඒ කතාව දෙන ආදර්ශ මොකද්ද
බල්ලාට කෑම දීමට ළමයාට අමතක වුණේ,බල්ලා කෑමදෙනවා ළමයා අමතක
ඇයි පාඩමට අනුව පාරේ නීතිය මොකක්ද,ඇයි පාඩම පාර නීතිය මොකක්ද
පාරේ නීතිය අනුගමනය නොකළ ළමයාට සිදුවුණේ කුමක්ද,පාර නීතිය අනුගමනයකරනවා නෑ ළමයා සිදුවෙනවා කුමක්ද
වනන්තරයේ ඈත නෙළුම් පිපුණුවිලක් ඇත,වනන්තරය ඈත නෙළුම් පිපෙනවා විල ඇත
නිල් වතුරෙන් පිරුණු කාලෙට සතුන් එනවා,නිල් වතුර පිරෙනවා කාලය සතුන් එනවා
ගෙම්බා නැගිටින්න,ගෙම්බා නැගිටිනවා
ඉබ්බා නැගිටින්න,ඉබ්බා නැගිටිනවා
පුංචි පුතා ඊයේ ගෙදර ආවේ නෑ,පුංචි පුතා ඊයේ ගෙදර එනවා නෑ
ඇතින්න මුලු රෑ තිස්සෙම අඬ අඬ හිටියා,ඇතින්න මුලු රෑ අඬනවා ඉන්නවා
දුක හිතිලා මම මේ පියාඹාගෙන ආවා මොකක්ද උනේ කියලා කියන්න,දුක හිතෙනවා මම මේ පියාඹනවා එනවා මොකක්ද කියනවා
සෙල්ලම් කර කර හිටි ඇත් පැටියා නෙළුම් මලක් කඩා ගන්න වතුරට බැස්සා,සෙල්ලම්කරනවා ඉන්නවා ඇත් පැටියා නෙළුම් මල කඩාගන්නවා වතුර බැසිනවා
සුරතලාගේ පුංචි කකුල් යටටම එරුනා,සුරතලා පුංචි කකුල් යට එරෙනවා
ගොඩට එන්න බෑ මුළු රෑ වතුරේම ගෙවුනා මොනවා කරන්නද,ගොඩ එනවා බෑ මුළු රෑ වතුර ගෙවෙනවා මොනවාද
පොඩි අපි දෙන්නා අපිත් ඉතින් දුකින් හුරතලා ළඟ හිටියා,පොඩි අපි දෙක අපි දුක හුරතලා ළඟ ඉන්නවා
පුංචි වුනත් පුංචි අපට හිතන්න බැරිද,පුංචි අපට හිතනවා බෑ ද
මේ වෙලාවේ මුකුත් නොකර ඉඳීම හරි ද,මේ වෙලාව මුකුත් නෑ බලනවා ඉන්නවා හරි ද
පරක්කු නොවී පියාඹලා යන්න,පරක්කු නෑ පියාඹනවා යනවා
කියන්න මෙහේ ඉන්න බව පුංචි හුරතලා,කියනවා මෙහේ ඉන්නවා පුංචි හුරතලා
ඇතින්න මේ ගැන අහලා කලබල වෙවී එකපාරට දුවගෙන ඇවිත් විලට පනී,ඇතින්න මේ අහනවා කලබල එකපාර දුවනවා එනවා විල පනිනවා
මඩ වගුරේ ඇතින්නෙත් කකුල එරේවි,මඩ වගුර ඇතින්න කකුල එරෙනවා
ගොඩට එන්න බෑ,ගොඩ එනවා බෑ
ඇස්වල කඳුළු පිරේවි,ඇස් කඳුළු පිරෙනවා
එහෙම නෙවෙයි ටිකක් හිතන්න,එහෙම නෑ ටික හිතනවා
ඉක්මන් වෙන්න නරකයි,ඉක්මන් නරක
කලබල වෙන්න නරකයි වැඩක් කරන්න,කලබලවෙනවා නරක වැඩකරනවා
මිතුරන් තුන්දෙනා කතා කරමින් කතාබහ උනා පුංචි පුංචි මොල තුන එකට එක්කතු වූ තැන ලොකු අදහසක් ආවා,මිතුරන් තුන කතාකරනවා කතාකරනවා පුංචි පුංචි මොල තුන එකතුකරනවා ඒ තැන ලොකු අදහස එනවා
සතුටින් කොහෙදෝ යන බව කියා කීවා,සතුට කොහෙද යනවා කියනවා
ගොස් ඇතින්නට තොරතුරු කීවා,යනවා ඇතින්න තොරතුරු කියනවා
ඇය කැලයෙන් වැළක් කඩාගෙන එතැනට ආවා,ඇය කැලය වැළ කඩනවා එතැන එනවා
ඉබ්බා වෙහෙස වෙලා වතුරට බැස්සා,ඉබ්බා මහන්සි වතුර බැසිනවා
වතුර බහින කානුවක් කැපුවා,වතුර බසිනවා කානුව කපනවා
ඇතින්න හොඬවැල කොනෙකින් වැල ගත්තා,ඇතින්න හොඬවැල කොන වැල ගන්නවා
අනිත් කෙළවර ගෙම්බාට දුන්නා,අනිත් කෙළවර ගෙම්බා දෙනවා
ගෙම්බා හිමින් පැටියා ළඟට යනවා,ගෙම්බා හිමින් පැටියා ළඟ යනවා
ඇත් පැටියා හොදින් වැල අල්ලාගත්තා,ඇත් පැටියා හොඳ වැල අල්ලාගන්නවා
තදින් කකුල් බුරුල් කරනවා,තදින් කකුල් බුරුල්කරනවා
ඇතින්න දුර ඉඳන් වැල අදිනවා,ඇතින්න දුර ඉන්නවා වැල අදිනවා
හෙමින් පුංචි පුතා දැන් ළඟ එනවා,හෙමින් පුංචි පුතා දැන් ළඟ එනවා
පුංචි යාලුවන් ඔක්කොම සන්තෝසෙන් සිංදු කියා නැටුමක යෙදුනා,පුංචි යාලුවෝ ඔක්කොම සතුට සින්දුකියනවා නටනවා
නෙළුම් පිපුණු විලක් තිබුනේ කොහෙද,නෙළුම් පිපෙනවා විල තියෙනවා කොහෙද
ඇතින්න මුළු රෑ තිස්සේ හඬමින් සිටියේ ඇයි බඹරා පණිවිඩය කිව්වේ කාටද,ඇතින්න මුළු රෑ අඬනවා ඉන්නවා ඇයි බඹරා පණිවිඩය කියනවා කාටද
පැටියා බේරගත් ආකාරය විස්තර කරන්න,පැටියා බේරගන්නවා ආකාරය විස්තරකරනවා
ඈත අතීතයේ කාලෙක තරුණ ගොවියෙක් සිටියා,ඈත අතීතය තරුණ ගොවියා ඉන්නවා
එක දවසක් කුඹුරේ වැඩ කරමින් සිටියදී සර්පයෙක් මකුළුවකු අල්ලා ගන්න හදන හැටි ඔහු දැක්කා,එක දවස කුඹුර වැඩකරනවා ඉන්නවා සර්පයා මකුළුවා අල්ලාගන්නවා විදිය ඔහු දකිනවා
ඔහුට මකුළුවා ගැන හරියට දුක හිතුනා,ඔහු මකුළුවා ගොඩාක් දුක හිතෙනවා
ඔහු උදැල්ල අරන් එතැනට දුවලා සර්පයා බය කර පැන්නුවා,ඔහු උදැල්ල ගන්නවා එතැන දුවනවා සර්පයා බය පන්නනවා
මකුළුවා තනකොල අස්සේ හැංගුනා,මකුළුවා තනකොල අස්සේ හැංගෙනවා
ඒත් ඊට මොහොතකට කලින් ඒ මකුළුවා නතර වෙලා ඔහුට හිස නමා ස්තූති කළා වගේ පෙනුනා,ඒක මොහොතක් කලින් ඒ මකුළුවා නතරවෙනවා ඔහු ඔලුව නමනවා ස්තූති පෙනෙනවා
දවසක් උදේ ඔහු විවේකයෙන් ගෙදර සිටියා,දවස උදේ ඔහු විවේකය ගෙදර ඉන්නවා
කවුදෝ සිහින් හඬකින් එළියේ ඉඳන් කතා කරනවා ඔහුට ඇහුනා,කවුද කුඩා හඬ පිටත ඉන්නවා කතාකරනවා ඔහු අහනවා
දොර ඇරියාම එළියේ ලස්සන ගැහැණු ළමයෙක් සිටගෙන සිටියා,දොර අරිනවා එළිය ලස්සන ගැහැණු ළමයා සිටගන්නවා ඉන්නවා
ඇඳුම් මහා ගන්න ඔබ රෙදි වියන්නියක් හොයනවා කියලා මට ආරංචියි,ඇඳුම් මහනවා ඔබ රෙදි වියන්නිය සොයනවා මට ආරංචි
ගෑණු ළමයා කීවාවා,ගෑණු ළමයා කියනවා
මෙහෙ නැවතිලා රෙදි වියන්න මට ඉඩ දෙනවාද,මෙහෙ නවතිනවා රෙදිවියනවා මට ඉඩ දෙනවා ද
මේක ඇහුවහම ඔහුට හරි සතුටුයි,මේක අහනවා ඔහු හරි සතුට
ඇත්තටම ඔහු උදව්වට කවුරු හරි සොයමින් සිටියේ,ඇත්ත ඔහු උදවු කවුරුන් හොයනවා ඉන්නවා
ඔහු ගෑණු ළමයාට රෙදි වියන කාමරය පෙන්නුවා,ඔහු ගෑණු ළමයා රෙදිවියනවා කාමරය පෙන්නනවා
ඇය කපු පුළුන් ටික ලන් කරගෙන වැඩ පටන් ගත්තා,ඇය කපු පුළුන් ළඟ වැඩ පටන්ගන්නවා
දවස අවසානයේදී ගැහැණු ළමයා කරලා තියෙන වැඩ බලන්න ඔහු කාමරයට ගියා,දවස අවසානය ගැහැණු ළමයා තියෙනවා වැඩබලනවා ඔහු කාමරය යනවා
ඒ වනවිටත් ඇදුම් අටක් මහන්න ප්‍රමාණවත් රෙදි කෑලි අටක් තිබුනා,ඒ ඇදුම් අට මහනවා ප්‍රමාණය රෙදි අට තියෙනවා
ඔහුට හරිම පුදුමයි,ඔහු ගොඩාක් පුදුම
එක දවසකට මේ තරම් ප්‍රමාණය රෙදි වියන්න පුලුවන් කෙනෙකු ගැන ඔහු කවදාවත් අහලා තිබුණේ නෑ,එක දවස මේ ප්‍රමාණය රෙදිවියනවා පුලුවන් කෙනෙක් ඔහු කවදාවත් අහනවා තියෙනවා නෑ
ඔයාට කොහොමද ඔච්චර රෙදි ගොඩක් වියන්න පුලුවන් වුණේ,ඔයා කොහොමද ඔච්චර රෙදි ගොඩාක් වියනවා පුලුවන්
ඔහු ගෑණු ළමයාගෙන් ඇහුවා,ඔහු ගෑණු ළමයා අහනවා
ඊට පිළිතුරු දෙනවා වෙනුවට ඇය මෙහෙම කිව්වා,ඊට පිළිතුරුදෙනවා ඇය මේ කියනවා
ඔබ ඒ ගැන අහන්න එපා,ඔබ ඒ අහනවා එපා
ඒ වගේම මං වැඩ කරන වෙලාවට ඔබ කාමරයට එන්නත් එපා,ඒ මං වැඩකරනවා වෙලාව ඔබ කාමරය එනවා එපා
එහෙත් ඔහුට තිබුණේ පුදුම කුතුහලයක්,ඔහුට තියෙනවා පුදුම කුතුහලය
ඒ නිසා ඔහු දවසක් රෙදි වියන කාමරය ජනේලයෙන් හොරෙන් බැලුවා,ඒ ඔහු දවස රෙදිවියනවා කාමරය ජනේලය හොර බලනවා
දුටු දෙයින් ඔහු පුදුමයට පත්වුනා,දකිනවා දේ ඔහු පුදුම පත්වෙනවා
ඒ කාමරයේ සිටි ගැහැණු ළමයෙක් නෙවෙයි,ඒ කාමරය ඉන්නවා ගැහැණු ළමයා නෑ
කකුල් අටකින් වේගයෙන් රෙදි වීමෙන් සිටි විශාල මකුළුවෙක්,කකුල් අට වේගයෙන් රෙදිවියනවා ඉන්නවා විශාල මකුළුවා
ඌ රෙදි වියන්න නූල් හදාගත්තේ තමන්ගේ කටින් හා මකුළු දැලකිණුයි,ඌ රෙදිවියනවා නූල් හදාගන්නවා තමන් කට මකුළුවා දැල
ඒ ඉන්නේ තමන් එදා සර්පයාගෙන් බේරගත් මකුළුවාම බව ඔහු හඳුනාගත්තා,ඒ ඉන්නවා තමන් එදා සර්පයා බේරගන්නවා මකුළුවා ඔහු හඳුනාගන්නවා
ඒ සමග ඔහුට සියල්ල වැටහුනා,ඒ ඔහුට හැමදේම වැටහෙනවා
මකුළුවා කලගුන දන්න කෙනෙක්,මකුළුවා කලගුන දන්නවා
මකුළුවාට අවශ්‍ය ඔහුට ප්‍රතිඋපකාරයක් කරයි,මකුළුවා අවශ්‍ය ඔහු උදව්කරනවා
ඒ නිසා මකුළුවා ලස්සන ගැහැණු ළමයෙකුගේ විදියට ඇවිත් රෙදි වියනවා,ඒ මකුළුවා ලස්සන ගැහැණු ළමයා එනවා රෙදිවියනවා
මකුළුවා කාමරේ තිබූ කපු පුළුං කාලා රෙදි වියන්න නූල් වමාරනවා,මකුළුවා කාමරය තියෙනවා කපු පුළුන් කනවා රෙදිවියනවා නූල් වමාරනවා
මකුළුවා තමාට කරන මේ උදව්වට ස්තූති කරන්න ඔහුට වචන නෑ,මකුළුවා තමා කරනවා මේ උදව්ව ස්තූතිකරනවා ඔහු වචන නෑ
කාමරේ තිබුණු කපු පුළුන් ටික ඉවර වෙන්නත් ළඟ බව ඔහු දැක්කා,කාමරය තියෙනවා කපු පුළුන් ටික ඉවරවෙනවා ළඟ ඔහු දකිනවා
ඔහුට ඊට පසුව දවසේ උදෙන්ම කන්දෙන් එහා පැත්තේ තිබුණ ගම්මානයට ගියා,ඔහුට ඊට පස්සේ දවස උදේ කන්ද එහා පැත්ත තියෙනවා ගම යනවා
පුළුන් ටිකක් මිලට ගත්තා,පුළුන් ටික මිලටගන්නවා
ඒ පුළුන් ටික පොදි බැඳගෙන කරේ තියා ගත්තා,ඒ පුළුන් ටික පොදි බැඳගන්නවා කරේ තියාගන්නවා
ගෙදර එන්න පිටත්වුනා,ගෙදර එන්න පිටත්වෙනවා
අතරමගදී ඉතාම භයානක දෙයක් සිදුවුණා,අතරමග ඉතා භයානක සිදුවෙනවා
ඔහු ගිමන් හරින්න මග වාඩිවුනා,ඔහු ගිමන්හරිනවා මග වාඩිවෙනවා
ඒ වෙලාවේ ඔහුව එදා එලවා දැමූ සර්පයා හිමිට පුළුන් පොදියට රිංගාගත්තා,ඒ වෙලාව ඔහු එදා එලවනවා සර්පයා සෙමින් පුළුන් පොදිය රිංගාගන්නවා
ඔහු ඒක දැක්කේ නෑ,ඔහු ඒක දකිනවා නෑ
ඔහු පුළුන් පොදිය ගෑනු ලමයාට බාර දුන්නා,ඔහු පුළුන් පොදිය ගෑනු ළමයා බාරදෙනවා
ඒ කපු පුළුන් ටික දැක්කාම ගෑනු ළමයට හරි සතුටුයි,ඒ කපු පුළුන් ටික දකිනවා ගෑනු ළමයා හරි සතුට
මොකද ඒ වෙද්දි ගෙදර තිබුණු කපු පුළුන් වලින් රෙදි වියලා ඉවරයි,මොකද ඒ ගෙදර තියෙනවා කපු පුළුන් වලින් රෙදිවියනවා ඉවර
ඇය පුළුන් පොදියත් රැගෙන රෙදි වියන කාමරයට ගියා,ඇය පුළුන් පොදිය අරගෙන රෙදිවියනවා කාමරය යනවා
රෙදි වියන කාමරයට ගිය හැටියේම ඈ නැවත මකුළුවකු බවට හැරුනා,රෙදිවියනවා කාමරය යනවා ඇය මකුළුවා හැරෙනවා
මකුළුවා වේගයෙන් කපු පුළුන් කන්න පටන් ගත්තා,මකුළුවා වේගයෙන් කපු පුළුන් කනවා පටන්ගන්නවා
කාගෙන කාගෙන ගිහින් පුළුන් පොදියේ පතුලටම කාලා ඉවර වුණා,කනවා කනවා යනවා පුළුන් පොදිය පතුල කනවා ඉවර
පුළුන් පොදියේ සිටි සර්ප‍යා එක පාරම මකුළුවා අල්ලාගන්න පැන්නා,පුළුන් පොදිය ඉන්නවා සර්ප‍යා එකපාර මකුළුවා අල්ලාගන්නවා පනිනවා
සර්පයා මහ විශාලයට කට ඇරියා,සර්පයා විශාල කටඅරිනවා
ඊට පස්සේ මකුළුවා ජනේලෙන් එළියට පැන දිව්වා,පස්සේ මකුළුවා ජනේලය එළිය පනිනවා දුවනවා
සර්පයා වේගයෙන් මකුළුවා පසුපස පැන්නුවා,සර්පයා වේගයෙන් මකුළුවා පසුපස පන්නනවා
මකුළුවා කොයිතරම් කපු කාලා සිටියාද කියතොත් ඌට වේගයෙන් දුවන්න බෑ,මකුළුවා කොයිතරම් කපු කනවා ඉන්නවා කියනවා ඌ වේගයෙන් දුවනවා බෑ
ඒ වෙලාවේ මහ පුදුම දෙයක් වුනා,ඒ වෙලාව මහ පුදුම දෙයක් වෙනවා
ඉර ඉහළ අහසේ සිට පහළ සිදුවන දේ බලාගෙනයි සිටියේ,ඉර ඉහළ අහස ඉන්නවා පහළ දේ බලනවා ඉන්නවා
මකුළුවා ඔහුට උදව් කළ ආකාරය ඉර දැනගෙන සිටියා,මකුළුවා ඔහු උදව්කරනවා ආකාරය ඉර දන්නවා ඉන්නවා
ඒ නිසා ඉක්මනින් හිරු කිරණත් පහළට එව්වා,ඒ නිසා ඉක්මනින් හිරුකිරණ පහළ එනවා
මකුළුවාගේ කටින් එළියට ඇදුනු නූල් පොටේ කෙළවර එම කිරණයෙන් අල්ලා ගත්තා,මකුළුවා කට එළිය ඇදුනු නූල් පොට කෙළවර ඒ කිරණ අල්ලාගන්නවා
ඊට පස්සේ හිමීට මකුලුවා ඉහළට ඇද ගත්තා,ඊට පස්සේ සෙමින් මකුලුවා ඉහළ ඇදගන්නවා
දැන් මකුළුවා ඉන්නෙ සර්පයාට ළං වෙන්න බැරි තරම් උඩ,දැන් මකුළුවා ඉන්නවා සර්පයා ළඟ බෑ උඩ
ඇඟේ තිබුණු කපු පුළුන් වලින් මකුළුවා ඉහළ අහසේ ලස්සන සුදු වළාකුළු රාශියක් ගොතාගෙන ගියා,ඇඟේ තියෙනවා කපු පුළුන් මකුළුවා ඉහළ අහස ලස්සන සුදු වළාකුළු ගොඩාක් ගොතනවා යනවා
වළාකුලු සුදුම සුදු පාටට සුමුදුවට තියෙන්නේ ඒ නිසාලු,වළාකුලු සුදු සුදු පාට සුමුදු තියෙනවා ඒ
මකුළුවා නූල් ලබා ගත්තේ මොනවයින් ද,මකුළුවා නූල් ලබාගන්නවා මොනවාද
මකුළුවා ගොවියාට කලගුණ සැලකුවේ කෙසේද,මකුළුවා ගොවියා කලගුණ සලකනවා කෙසේද
සර්පයා ගොවියාගේ රෙදි වියන කාමරයට පැමිණියේ කෙසේද,සර්පයා ගොවියා රෙදිවියනවා කාමරය පැමිණියා කෙසේද
ඉර මකුළුවාට උදව් කළේ ඇයි,ඉර මකුලුවා උදව්කරනවා ඇයි
ඒ අවලස්සන ගැහැණු ළමයෙක් හිටගෙන හිටියා,ඒ අවලස්සන ගැහැණු ළමයා හිටගන්නවා ඉන්නවා
මකුළුවා කලබල නොදන්න අයෙක්,මකුළුවා කලබල නොදන්න අයෙක්
මහලු ගොවියෙක් හිටියා,මහලු ගොවියා ඉන්නවා
සර්පයා හෙමින් මකුළුවා පස්සේ පැන්නුවා,සර්පයා හෙමින් මකුළුවා පස්සේ පන්නනවා
ඉර මකුළුවා පහළට ඇද ගත්තා,ඉර මකුළුවා පහළ ඇදගන්නවා
ආච්චිලා මුනුබුරු මිනිබිරියන්ට හරිම ආදරෙයි,ආච්චිලා මුනුබුරු මිනිබිරියන් ගොඩාක් ආදරය
දවසක් ආච්චී කෙනෙකු ලියුමක් ලියන හැටි මුනුබුරා බලාගෙන හිටියා,දවස ආච්චී ලියුම ලියනවා හැටි මුනුබුරා බලනවා ඉන්නවා
ආච්චී ලිව්වේ ලස්සන පැන්සලකින්,ආච්චී ලිව්වේ ලස්සන පැන්සලකින්
ආච්චී ලියන හැටි බලාගෙන සිටි මුණුපුරා ආච්චීගෙන් මෙහෙම ඇහුවා,ආච්චී ලියන හැටි බලාගෙන සිටි මුණු පුරා ආච්චීගෙන් මෙහෙම ඇහුවා
ආච්චී ලියන්නෙ අපි කරපු දේවල් ගැන ද,ආච්චී ලියනවා අපි කරනවා දේවල් ගැන ද
මං ගැනත් ලියනවා ද,මං ගැන ලියනවා ද
ආච්චි ලිවීම නවත්තලා මුනුබුරාට මෙහෙම කිව්වා,ආච්චි ලියනවා නවත්තනවා මුනුබුරා මෙහෙම කියනවා
ඇත්තටම මම ලියන්නේ ඔයා ගැන තමා,ඇත්තට මම ලියනවා ඔයා ගැන තමා
ඒත් ඒ ලියන වචන වලට වැඩිය මං පාවිච්චි කරන මේ පැන්සල වටිනවා,ඒත් ඒ ලියනවා වචන වැඩිය මම පාවිච්චිකරනවා මේ පැන්සල වටිනවා
ඔයා ලොකු උනාම මේ පැන්සල වගේ වෙයි කියලා මම හිතනවා,ඔයා ලොකු උනාම මේ පැන්සල වගේ වෙයි කියලා මම හිතනවා
මොකක්ද ඒ කතාවේ තේරුම,මොකක්ද ඒ කතාවේ තේරුම
මුනුබුරා පුදුම වෙලා පැන්සල දිහා බැලුවා,මුනුබුරා පුදුම වෙලා පැන්සල දිහා බැලුවා
එකේ කිසිම අමුත්තක් එයා දැක්කේ නෑ,එකේ කිසිම අමුත්තක් එයා දැක්කේ නෑ
මම දැකලා තියෙන ඕනෑම පන්සලක් වගේ කියා මුනුබුරා කිව්වා,මම දැකලා තියෙන ඕනෑම පන්සලක් වගේ කියා මුනුබුරා කිව්වා
ඒ ඔයා ඒක දිහා බලන හැටියටයි,ඒ ඔයා ඒක බලන විදිය
ටිකක් හිතලා බලන්නකෝ,ටික හිතනවා බලනවා
පැන්සලක තියෙනවා ගුණාංග පහක්,පැන්සල තියෙනවා ගුණාංග පහ
ඔයාත් ගුණාංග පහ පුරුදු වුණොත් ඔයාත් අනාගතේ හොඳ මනුස්සයෙක් වෙයි,ඔයා ගුණාංග පහ පුරුදුවෙනවා ඔයා අනාගතය හොඳ මනුස්සයා
අනේ ආච්චි කියන්නකෝ,අනේ ආච්චි කියනවා
හොඳ මනුස්සයෙක් වෙන්න ඕනෑ කරන ඒ ගුණාංග පහ මොනවාද කියලා,හොඳ මනුස්සයා ඕනා ඒ ගුණාංග පහ මොනවාද
පැන්සලේ ගුණ කියන්න පටන් ගත්තා,පැන්සල ගුණ කියනවා පටන්ගන්නවා
පැන්සලකින් ලියන්න නම් මේක අල්ලා ගන්න අතක් ඕනා,පැන්සල ලියන්න නම් මේක අල්ලාගන්නවා අත ඕනා
පැන්සලකට බෑ තනියෙන් ලියන්න,පැන්සල බෑ තනියෙන් ලියනවා
කාගේ හරි අතක් ඕනා ඒක අල්ලගන්න,කාගේ අත ඕනා ඒක අල්ලගන්නවා
ඒ වගේ වැඩ වලදී සහයෝගයෙන් කටයුතු කරන්න ඔයා ඉගෙනගන්න ඕනා,ඒ වැඩ සහයෝගය කටයුතුකරනවා ඔයා ඉගෙනගන්නවා ඕනා
එතකොට තමා ඔයා කරන දේ සාර්ථක වෙන්නෙ,එතකොට ඔයා කරනවා දේ සාර්ථකවෙනවා
ලියනකොට පැන්සලේ තුඩ මොටවෙනවා,ලියනවා පැන්සල තුඩ මොටවෙනවා
එහෙම වුණාම ලිවීම නවත්තලා ඒක ආයේ උල් කරගන්න ඕනෑ,එහෙම වෙනවා ලියනවා නවත්තනවා ඒක නැවතත් උල්කරගන්නවා ඕනෑ
එහෙම කරනකොට කොට පැන්සලට ටිකක් රිදේවි,එහෙම කරනවා පැන්සල ටික රිදෙනවා
ඒත් ඊට පස්සේ ඒක වඩාත් හොඳින් ලියාවි,ඒත පස්සේ ඒක ගොඩාක් හොඳි ලියනවා
ඒ වගේ ඔයාටත් ඉවසාගන්න සිදුවේවි,ඒ වගේ ඔයා ඉවසාගන්නවා සිදුවෙනවා
හැබැයි ඊට පස්සේ ඔයා වඩාත් හොඳ කෙනෙක් වේවි,හැබැයි ඊට පස්සේ ඔයා ගොඩාක් හොඳ කෙනෙක්
පැන්සලෙන් ලියනකොට මොකක් හරි වැරද්දක් වෙන්න පුලුවන්,පැන්සල ලියනවා මොකක් වැරද්ද පුලුවන්
එහෙම වුනොත් මකාගන්න පුලුවන්,එහෙම මකාගන්නවා පුලුවන්
අන්න ඒ වගේ ඔයාත් අතින් වැරැද්දක් වුනොත් ඒක හදා ගන්න ඕනා,ඒ ඔයා අනිත් ඔයා අත වැරැද්ද ඒක හදාගන්නවා ඕනා
වැරැද්ද හදා ගැනීම නරක දෙයක් නෙවෙයි,වැරැද්ද හදනවා ගන්නවා නරක නෑ
අපිට හරි පාරේ යෑමට ඒක උදව් වේවි,අපිට හරි පාර යනවා ඒක උදව්කරනවා
පැන්සලේ වටිනාම කොටස මොකක්ද එළියේ පේන්න තියෙන හැඩද එකක්වත් නෙවෙයි,පැන්සල වටිනා කොටස මොකක්ද එළිය පේනවා තියෙනවා හැඩ එකක්වත් නෑ
ඒක ඇතුලේ තියෙන කූර,ඒක ඇතුල තියෙනවා කූර
ඔයත් වටිනාම කොටස ඔයාගේ පෙනුමවත් හමේ පාටවත් නෙවෙයි,ඔයා වටිනා කොටස ඔයා පෙනුම හම පාට නෑ
ඔයා තුළ තිබෙන හොඳ ගතිගුණ,ඔයා තුළ තිබෙනවා හොඳ ගතිගුණ
පැන්සලෙන් ලිව්වාම ඒ ලියපු දේ ඉතුරු වෙනවා,පැන්සල ලියනවා ඒ ලියනවා දේ ඉතුරුවෙනවා
අන්න ඒ වගේ ඔයා යමක් කලාම ඒ කරපු දේ ඉතුරු වෙනවා,අන්න ඒ ඔයා කරනවා ඒ කරනවා දේ ඉතුරුවෙනවා
ඒ නිසා ඔයා කරන හැම දේම කල්පනාවෙන් කරන්න,ඒ නිසා ඔයා කරනවා හැමදේම කල්පනාව
පැන්සලේ පැන්සල හරි කෙලින් ඉදිකටුවක් වගෙයි,පැන්සල පැන්සල හරි කෙලින් ඉදිකටුව
ඔයා පැන්සලක් වගේ හරි කෙලින් ඉන්න කෙලින් කටයුතු කරන්න,ඔයා පැන්සල හරි කෙලින් ඉන්නවා කෙලින් කටයුතුකරනවා
අවංක වෙන්න,අවංක වෙනවා
ඒ කාලයේ මිනිසෙක් සිටියා,ඒ කාලය මිනිසා ඉන්නවා
ඔහු වෙළඳාම් ජීවත් වුණා,ඔහු වෙළඳාම් ජීවත්වෙනවා
ඔහු භාණ්ඩ විකුණුවා,ඔහු බඩු විකුණනවා
එය කලින් නොගිය ප්‍රදේශයක්,එය කලින් යනවා නෑ ප්‍රදේශය
ඒ අතරමග ලොකු කැලයක් තිබුණා,ඒ අතරමග ලොකු කැලය තියෙනවා
එය ලොකු ගස් වලින් මල් වලින් පිරී තිබුණා,එය ලොකු ගස් මල් පිරෙනවා තියෙනවා
කැලයට ඇතුළු වීමට පෙර ඔහු තම යහළුවන් අමතා අවවාදයක් දුන්නා,කැලය ඇතුළුවෙනවා පෙර ඔහු තම යහළුවෝ අමතනවා අවවාදය දෙනවා
කැලේ විෂ ගස් තියෙනවා,කැලය විෂ ගස් තියෙනවා
විෂ පලතුරු තියනවා,විෂ පලතුරු තියනවා
විෂ මල් තියනවා විෂ කොළ තියෙනවා,විෂ මල් තියනවා
ඒ නිසා මට පෙන්නන්නේ නැතුව කිසිවක් කන්න එපා,ඒ මට පෙන්නනවා නෑ කන්න එපා
මේ කණ්ඩායම කැලයෙක් කෙළවරට පැමිණියා,මේ කණ්ඩායම කැලය කෙළවර පැමිණෙනවා
ඒ ආසන්නයේ තිබුණේ ගම්මානයක්,ඒ ආසන්නය තියෙනවා ගම
මේ කණ්ඩායම ලොකු ගසක් දුටුවා,මේ කණ්ඩායම කණ්ඩායම ලොකු ගස දකිනවා
ඒ අඹ ගසක් හා සමානයි,ඒ අඹ ගස සමාන
ඒ ගසේ ගෙඩි අඹ ගෙඩි හා සමානයි,ඒ ගස ගෙඩි අඹ ගෙඩි සමාන
කොළ ද අඹ කොළ හා සමානයි,කොළ අඹ කොළ සමාන
සුවඳ ද අඹ සුවඳමය,සුවඳ අඹ සුවඳ
ගස ගෙඩිවලින් පිරී තිබුණා,ගස ගෙඩි පිරෙනවා
කීප දෙනෙක් මේ ගසේ ගෙඩි කඩාගෙන කෑවා,කීපදෙනා මේ ගස ගෙඩි කඩනවා කනවා
සමහර අයට ඔහුගේ අවවාදය සිහිපත් වුණා,සමහරු ඔහු අවවාදය මතක්වෙනවා
ඔවුන් ගෙඩි කීපයක් කඩාගෙන ඔහු වෙතට ගොස් මෙසේ ඇහුවා,ඔවුන් ගෙඩි කීපයක් කඩනවා ඔහු ළඟ යනවා අහනවා
මේ අඹ වර්ගය කෑවාට වරදක් නැද්ද,මේ අඹ වර්ගය කනවා වරද නෑ ද
ඔහු ගස ළඟට පැමිණ ගසද හොඳින් පරීක්ශා කරා,ඔහු ගස ළඟ පැමිණියා ගස හොඳි පරීක්‍ශාකරනවා
අනතුරුව මෙහෙම කිව්වා,පස්සේ මෙහෙම කිව්වා
මෙය අඹ ගසක් මෙන් පෙනුනත් අඹ ගසක් නොවේ,මෙය අඹ ගස පෙනෙනවා අඹ ගස නෑ
මේ විෂ ගසකි,මේ විෂ ගස
ඔබ කඩාගත් ගෙඩි වහා ඉවත් කරන්න,ඔබ කඩනවා ගෙඩි වහා ඉවත්කරනවා
තිබූ අය ඒවා වහාම අයින් කරා,තියෙනවා අය ඒවා ඉක්මනින් ඉවත්කරනවා
සමහරු ගෙඩි කෑ බව ඔහුට දැනගන්න ලැබුණා,සමහරු ගෙඩි කෑ බව ඔහුට දැනගන්නවා ලැබෙනවා
මේ ගෙඩි කෑව අයට වහා වමනය කරවන්න,මේ ගෙඩි කනවා අය වහා වමනයකරනවා
ඒ අයට බෙහෙත් ලබා දෙන්න,ඒ අය බෙහෙත් දෙනවා
ඔහු අණ කලා,ඔහු අණකරනවා
අනිත් අය ඒ ආකාරයට කටයුතු කරපු නිසා ගෙඩි කෑ අය සුවපත්වුනා,අනිත් ඒ ආකාරය කටයුතුකරනවා නිසා ගෙඩි කනවා අය සුවපත්වෙනවා
රාත්‍රිය ගතවී පසු දිනය උදාවුණා,රාත්‍රිය ගතවී පසු දිනය උදාවෙනවා
උදෑසනම ගම්වැසියෝ මේ ගස අසලට දුවගෙන ආවා,උදෑසන ගම පුද්ගලයා මේ ගස අසල දුවනවා එනවා
දුටු දෙයින් ඔවුන් විස්මයට පත්වුණා,දකිනවා දෙය ඔවුන් විස්මය පත්වවෙනවා
ඔවුන් හොඳින් තම වැඩ කරමින් ගමනට සූදානම් වුණා,ඔවුන් හොඳි තම වැඩකරනවා ගමන සූදානම්වෙනවා
කලින් වතාවලදි වෙළඳාමේ ආ අය මේ තැන නවතැන් ගත්තා,කලින් වෙළඳාම එනවා අය මේ තැන නවතිනවා
පස්සේ අසල ගම්මානෙ අය පැමිණ ඔවුන් සතු සියලු වස්තුව ගැල් ගවයන් ද රැගෙන ගියා,පස්සේ අසල ගම පැමිණෙනවා ඔවුන් ළඟ සියලු වස්තුව කරත්තය ගවයා රැගෙනයනවා
ඔබ මේ ගසේ ගෙඩි අනුභව නොකළේ ඇයි,ඔබ මේ ගස ගෙඩි අනුභවකරනවා නෑ ඇයි
ඒවා විෂ සහිත බව දැනගත්තේ කෙසේද,ඒවා විෂ දැනගන්නවා කෙසේද
ගම්වැසියෝ කණ්ඩායමෙන් ඇහුවා,ගම්වැසියෝ කණ්ඩායම අසනවා
ගසේ ගෙඩි විෂ සහිත බව නායකතුමා දැනගත්තා,ගස ගෙඩි විෂ තියෙනවා නායකතුමා දැනගන්නවා
ඒ නිසා අපි බේරුනා,ඒ අපි බේරෙනවා
ඔවුන් පිළිතුරු දුන්නා,ඔවුන් පිළිතුරුදෙනවා
ඔබ මේ විෂ සහිත ගසක් බව දැනගත්තේ කොහොමද,ඔබ මේ විෂ ගස දැනගන්නවා කොහොමද
මෙහෙම පිළිතුරු දුන්නා,මෙහෙම පිළිතුරු දෙනවා
කරුණු කීපයක් නිසා මේ ගස විෂ ඇති බව දැන ගත්තා,කරුණු කීපයක් මේ ගස විෂ තියෙනවා දැනගන්නවා
ගස ඇත්තේ ගම ආසන්නයේ,ගස ඇත්තේ ගම ආසන්නය
ඒත් ගසේ ඉදුනු ගෙඩි පිරී ඇත,ගස ඉදුනු ගෙඩි පිරෙනවා තියෙනවා
ඉදී වැටුණු නරක් වුණ ගෙඩි ගස යටද පිරී ඇත,ඉදී වැටෙනවා නරක ගෙඩි ගස යට පිරෙනවා
ඒ ගම්වැසියන් මේ ගසේ ගෙඩි නොකන නිසා ඔවුන් ඒවා නොකන්නේ විෂ සහිත නිසා බව සිතුවා,ඒ ගම්වැසියන් මේ ගස ගෙඩි කනවා නෑ ඔවුන් ඒවා කනවා නෑ විෂ තියෙනවා හිතනවා
වස්තුව බෙදා ගැනීමට ආ ගම්වැසියන්ට හිස් අතින් ආපසු යන්නට වුණා,වස්තුව බෙදාගන්නවා එනවා ගම්වැසියන් හිස් අත ආපසු යනවා
නායකතුමාගේ නුවණ නිසා ගැලකරුවෝ තම ජීවිතය බේරාගත්තා,නායකතුමා නුවණ කරත්තය තම ජීවිතය බේරාගන්නවා
කතන්දර පොතක් කියෙව්වා,කතන්දර පොත පොතබලනවා
පිටුවෙන් පිටුව කියවන්න ආසයි,පිටුව පිටුව පොතබලනවා කැමති
ඊළඟට මොකක් වෙයිද කියල හිතා ගන්න බෑ,ඊළඟට මොකක්ද වෙයිද කියල හිතනවා බෑ
පොත ඉක්මනට කියෙව්වා,පොත ඉක්මනින් කියෙව්වා
කතාව හරිම ලස්සනයි,කතාව ගොඩාක් ලස්සන
ඒ පොතේ නම කුඩා හොරා,ඒ පොත නම කුඩා හොරා
මම කියවූ පොත් ලැයිස්තුවට මේ කතන්දර පොතේ නමත් ලියා ගත්තා,මම පොතබලනවා පොත ලැයිස්තුව මේ කතන්දර පොත නම ලියනවා
ගෙදර වැඩට රචනාවක් ලියන්න දුන්නා කුරුලු ලෝකය ගැන,ගෙදර වැඩ රචනාව ලියනවා දෙනවා කුරුල්ලා ලෝකය
හොඳම රචනාව බිත්ති පුවත්පතට තෝරගන්නවා කිව්වා,හොඳ රචනාව බිත්ති පුවත්පත තෝරගන්නවා කියනවා
මම පිරිසුදුව පැහැදිලි අකුරෙන් රචනාව ලිව්වා,මම පිරිසුදු පැහැදිලි අකුර රචනාව ලියනවා
ඔක්කොම ආයෙ කියව්වා,ඔක්කොම ආයෙ පොතබලනවා
වැරැද්දක් තිබුණේ නෑ,වැරදි තියෙනවා නෑ
හෙට පාසලට ගෙනියනවා,හෙට පාසල ගෙනියනවා
බිත්ති පුවත්පතට මගේ රචනාව තේරුනා,බිත්ති පුවත්පත මගේ රචනාව තේරෙනවා
මට සතුටු හිතුණා,මට සතුට හිතෙනවා
ගෙදර ගියේ ඒ ගැන අම්මාට කියන්න,ගෙදර යනවා ඒ ගැන අම්මා කියනවා
මාමාත් අපේ ගෙදර ඇවිත් හිටියා,මාමා අපේ ගෙදර එනවා ඉන්නවා
දෙන්නාටම මම රචනාව ගැන කිව්වා,දෙක මම රචනාව කියනවා
ඒ අයත් සතුටු වුණා,ඒ අය සතුට වෙනවා
පාසල ඉවර වෙලා ගෙදර එද්දී ළමයෙකුට කෙසෙල් ලෙල්ලක් පෑගුනා,පාසල ඉවර ගෙදර එනවා ළමයා කෙසෙල් ලෙල්ල පෑගෙනවා
ළමයා ලිස්සා වැටුනා,ළමයා ලිස්සනවා වැටෙනවා
පාරේ කෙසෙල් ලෙලි දාන්න හොඳ නැති බව ගුරුතුමිය දවසක් කිව්වා,පාර කෙසෙල් ලෙලි දානවා හොඳ නෑ ගුරුතුමිය දවස කියනවා
මට ඒ වෙලාවේ මතක් වුනා,මට ඒ වෙලාව මතක වෙනවා
මම ඉක්මනට දුවලා ගිහින් ඒක ළඟ තිබුණු කසල බඳුනට දැම්මා,මම ඉක්මනින් දුවනවා යනවා ඒක ළඟ තියෙනවා කසල බඳුන දානවා
ගෙදර ඇවිත් මම ඒ සිද්ධිය චිත්‍රයට නැඟුවා,ගෙදර එනවා මම ඒ සිද්ධිය චිත්‍රඅඳිනවා
මාමාට පෙන්වා පාට කරලා පත්තරේට යවමු කියලා මාමා කිව්වා,මාමා පෙනනනවා පාට කරනවා පත්තර යවනවා මාමා කියනවා
මට හරිම සතුටුයි,මට ගොඩාක් සතුට
මම චිත්‍රය පාට කලා,මම චිත්‍රය පාටකරනවා
ගස් වැල් අඹරමින් සුළඟ හැමුවා,ගස් වැල් අඹරනවා සුළඟ හමනවා
අවට අඳුරු වුනා,අවට අඳුරු වෙනවා
එකපාරටම හයියෙන් වහින්න ගත්තා,එකපාර හයියෙන් වහිනවා
විදුල එලි අහසේ විහිදුනා,විදුලි එළිය අහස විහිදුනා
මහා හඬින් ගෙරෙව්වා,මහා හඬ ගොරවනවා
එළියට බහින්නවත් බෑ,එළිය බහිනවා බෑ
මාමා ගමේ යන්න පාන්දරම සූදානම් වුණා,මාමා ගමේ යනවා පාන්දර සූදානම්වෙනවා
මමත් පාසලට ගියා,මම පාසල යනවා
ගැඹුරු විලේ මඩ වගුරේ පා එරිලා හඬ නගති,ගැඹුරු විල මඩ වගුර පා එරෙනවා හඬ
ගොඩ එන්නට බැරුව දුකින් සිවුපාවෝ කල් ගෙවති,ගොඩ එනවා බෑ දුක සිවුපාවෝ කාලය ගෙවනවා
විෂ කොළ තියෙනවා,විෂ කොළ තියෙනවා
ඔවුන් ගෙඩි අනුභව කොට මියගියා,ඔවුන් ගෙඩි කනවා මියයනවා
එක්කෝමත් එක රටක ලොකු කැලෑවක කොරවක්කෝ කියලා කියන කුරුල්ලෝ ටිකක් හිටියා,එක්කෝමත් එක රට ලොකු කැලෑව කොරවක්කා කුරුල්ලා ටික ඉන්නවා
එකෝමත් එක දවසක කොරවක්කී කොරවක්කා දැකලා කතා කරලා කීවා,එකෝමත් එක දවස කොරවක්කා කොරවක්කා දකිනවා කතාකරනවා කියනවා
අපේ කොරවක් පැටික්කිට අකුරු කියවන්න කාලෙ හරි කියලා,අපේ කොරවක්කා පැටියා අකුර පොතබලනවා කාලය හරි
කොරවක්කා කන්දක් උඩක ගහකින් අත්තකට නැගලා හයියෙන් කෑ ගහලා කීවා,කොරවක්කා කන්ද උඩ ගහ අත්ත නගිනවා හයියෙන් කෑගහනවා කියනවා
අනිත් කුරුල්ලන්ට කරුණාකරලා අකුරු කියවන නැකතට හැමෝම එන්න කියලා,අනිත් කුරුල්ලා කරුණාකර අකුර පොතබලනවා නැකත හැමෝම එනවා
අකුරු කියවන නැකතට කැලේ ඔක්කොම කුරුල්ලෝ ආවා,අකුර පොතබලනවා නැකත කැලය ඔක්කොම කුරුල්ලා එනවා
අකුරු කියවන්න කීවේ බකමූණාට,අකුර පොතබලනවා බකමූණා
බකමූණා කොරවක් පැටික්කිට කතා කරලා කිව්වා,බකමූණා කොරවක්කා පැටියා කතාකරනවා කියනවා
කොරවක්කන්ට මේතාක් කල් අකුරු කියවන්න බැරි කාරණාවක් ඕක,කොරවක්කා මේ කාලය අකුර කියවනවා බෑ හේතුව ඒක
ආකාසේ නිල් තරු කැට,අහස නිල් තරු
පියාඹලා මහපොළොවට,පියාඹනවා මහ පොළව
සේපාලිකා මල් ගහ උඩ,සේපාලිකා මල් ගහ උඩ
දිලිසෙනවා කදිමට,දිලිසෙනවා කදිම
මාල පොටක් පොඩි නංගිට,මාල පොට පොඩි නංගි
හදලා දෙන්න පුළුවනි මට,හදනවා දෙනවා පුලුවන් මට
නූල්පොටක් අරන් අතට,නූල්පොටක් අරගන්නවා අත
හෙමින් ගියා ගහ ගාවට,හෙමින් ගියා ගහ ළඟ
සර සර ගා එක් රෑනට,සර සර ගා එක රෑන
ඉගිල්ලුනා නිල් තරු කැට,ඉගිල්ලුනා නිල් තරු කැට
කණාමැදිරියනි ආයෙත්,කණාමැදිරියෝ නැවතත්
සමාවෙලා එන්න බිමට,සමාවෙනවා එනවා බිම
ඔහු යාළුවෝ සමඟ මිදුලේ සෙල්ලම් කරමින් සිටියා,ඔහු යාළුවෝ සමඟ මිදුල සෙල්ලම්කරනවා ඉන්නවා
පුතා යාළුවෝ සමඟ මෙහෙට එන්න,පුතා යාළුවෝ සමඟ මෙහෙ එනවා
අම්මා කතා කළා,අම්මා කතාකරනවා
ඔහු යාළුවෝ සමඟ ගෙදර ඇතුලට ආවා,ඔහු යාළුවෝ සමඟ ගෙදර ඇතුල එනවා
අම්මා රූපවාහිනිය බලනවා,අම්මා රූපවාහිනිය බලනවා
රූපවාහිනියේ ලොකු උත්සවයක් පේනවා,රූපවාහිනිය ලොකු උත්සවය පේනවා
හමුදා පෙළපාලි යුද ටැංකි අහසේ කරණම් ගසන ගුවන් යානා තවත් බොහෝ දේවල් රූපවාහිනියේ පෙන්නනවා,හමුදා පෙළපාලි යුද ටැංකි අහස කරණම්ගසනවා ගුවන්යානාව තවත් ගොඩාක් දේවල් රූපවාහිනිය පෙන්නනවා
ඔහුටයි ඔහුගේ යාලුවන්ට මේක හරිම පුදුමයක්,ඔහු ඔහු යාලුවෝ මේක ගොඩාක් පුදුමය
ඒ හින්දා එක්කෙනෙක් ප්‍රශ්නයක් ඇහුවා,ඒ හින්දා එක්කෙනෙක් ප්‍රශ්නය අහනවා
මොකක්ද නැන්දේ මේ උත්සවය,මොකක්ද නැන්දා මේ උත්සවය
ඒ පුතේ අපේ රටේ නිදහස් උත්සවය,ඒ පුතා අපේ රට නිදහස් උත්සවය
මොකක්ද නිදහස් උත්සවය කියන්නේ,මොකක්ද නිදහස් උත්සවය කියනවා
ඒ ප්‍රශ්නය ඇහුවෙත් ඇය,ඒ ප්‍රශ්නය අහනවා ඇය
හැමෝම අහගන්නකෝ,හැමෝම අහගන්නවා
ඔහුගේ අම්මා උත්තර දෙන්න සූදානම් වුණා,ඔහු අම්මා උත්තරදෙනවා සූදානම්
නිදහස ලැබුණේ 1948 පෙබරවාරි හතර,නිදහස ලැබෙනවා 1948 පෙබරවාරි හතර
ඊට පස්සේ හැම අවුරුද්දකම පෙබරවාරි හතර වැනිදා අපි නිදහස් දිනය සමරනවා,ඊට පස්සේ හැම අවුරුද්ද පෙබරවාරි හතර අපි නිදහස දිනය සමරනවා
ඒක අපේ රටේ පවත්වන ජාතික උත්සවය නිසා ද අම්මේ තාත්තා ද ජාතික කොඩියක් එල්ලුවේ,ඒක අපේ රටේ පවත්වනවා ජාතික උත්සවය නිසා ද අම්මා තාත්තා ද ජාතික කොඩිය එල්ලනවා
ඒ ප්‍රශ්නය ඇහුවේ ඔහු,ඒ ප්‍රශ්නය අහනවා ඔහු
අන්න හරි,අන්න හරි
නිදහස් දිනය දවසට ශ්‍රී ලංකාවේ අපි හැමෝම හැම ගෙදරකම ජාතික කොඩිය ප්‍රදර්ශනය කරනවා,නිදහස් දිනය දවස ශ්‍රී ලංකාව අපි හැමෝම හැම ගෙදර ජාතික කොඩිය ප්‍රදර්ශනයකරනවා
නිදහස් දිනය කියන්නෙ අපේ අභිමානය ලෝකෙටම පෙන්නන දවසක්,නිදහස් දිනය කියනවා අපේ අභිමානය ලෝකය පෙන්නනවා දවස
ඒ ජාතික උත්සවය තමයි පුතේ රූපවාහිනී පෙන්නන්නේ,ඒ ජාතික උත්සවය පුතා රූපවාහිනිය පෙන්නනවා
ඔහුගේ අම්මා උත්තර දුන්නා,ඔහු අම්මා උත්තරදෙනවා
යාළුවෝ හැමදෙනාම නිදහස් උත්සවය බැලුවා,යාළුවෝ හැමදෙනාම නිදහස් උත්සවය බලනවා
මම ඉපදුනේ කොළයක,මම ඉපදෙනවා කොළය
මම එළියට ආවේ පුංචි බිත්තරයකින්,මම පිටත එනවා පුංචි බිත්තරය
බඩගින්නක් ආවාම මම ටිකෙන් ටික කොළය කෑවා,බඩගින්න එනවා මම ටික ටික කොළය කනවා
ඒත් බඩ පිරුණේ නෑ,එහෙත් බඩ පිරෙනවා නෑ
මම තවත් කොළයක් කෑවා,මම තව කොළය කනවා
ඒ විතරක් නෙවෙයි රසම රස මල් පොහොට්ටුත් කෑවා,ඒ විතරක් නෑ රස රස මල් පොහොට්ටු කනවා
හොඳටම බඩ පිරුනා,හොඳ බඩ පිරෙනවා
මට නිදිමතක් දැනුනා,මට නිදිමත දැනෙනවා
මම සිනිඳු රෙද්දක් පොරවාගත්තා,මම සිනිඳු රෙදි පොරවාගන්නවා
ඒකට කියන්නේ කෝෂය කියලා,ඒක කියනවා කෝෂය
මම කෝෂය ඇතුලේ සති දෙකක් විතර හිටියා,මම කෝෂය ඇතුල සතිය දෙක විතර ඉන්නවා
ඒ අතරේ මගේ ඇඟ ටිකින් ටික වෙනස්වුනා,ඒ අතර මගේ ඇඟ ටික ටික වෙනස්වෙනවා
දවසක් මම කෝෂයෙන් එළියට ආවා,දවස මම කෝෂය එළිය එනවා
මට මොකද උනේ,මට මොකක්ද වෙනවා
අලුත් වෙලා,අලුත් වෙනවා
මගේ මුලු ඇඟම වෙනස් වෙලා,මගේ මුලු ඇඟ වෙනස්වෙනවා
මට හිතාගන්න බෑ,මට හිතනවා බෑ
පාට පාට අත්තටු ඇවිල්ලා,පාට පාට අත්තටු එනවා
හරි පුදුමයි,හරි පුදුම
ඇත්තටම මේ මමද,ඇත්ත මේ මම ද
මම වටපිට බැලුවා,මම වටපිට බලනවා
සමනලුන් අත්තටු සළමින් පියාඹනවා,සමනලු අත්තටු සළනවා පියාඹනවා
මමත් එයාලා වගේ කියලා මට හිතුනා,මම එයාලා වගේ මට හිතෙනවා
මටත් දැන් පියාඹන්න පුලුවන්,මට දැන් පියාඹනවා පුලුවන්
බඩගින්නත් දැනුනා,බඩගින්න දැනෙනවා
මම කොළයට ලං වුණා,මම කොළය ළඟ වෙනවා
ඒත් කොළ කන්න බෑ,ඒත් කොළ කනවා බෑ
මම සමනලුන් දිහා බැලුවා,මම සමනලු බලනවා
එයාලා ඈතට පියාඹනවා,එයාලා ඈත පියාඹනවා
මමත් එයාලත් එක්ක පියාඹුවා,මමත එයාලා පියාඹනවා
පාට පාට මල් පිරිලා,පාට පාට මල් පිරෙනවා
ලස්සන මල් වත්තක්,ලස්සන මල් වත්ත
සමනල්ලු රංචුව මල්වලට ළං වුණා,සමනල්ලු රංචුව මල් ළඟ වෙනවා
පැණි බොන්න පටන් ගත්තා,පැණි බොනවා පටන්ගන්නවා
මමත් මලක් උඩ වැහුවා,මම මල උඩ වහනවා
පැණි ටිකක් බිව්වා,පැණි ටික බොනවා
මල් පෙති මගේ අත්තටු වගේ හරිම සිනිදුයි,මල් පෙති මගේ අත්තටු ගොඩාක් සිනිදු
ඒවගේම පාට පාට යාලුවෝ ටිකක් මම දැක්කා,ඒ පාට පාට යාලුවෝ ටික මම දකිනවා
මම ළං වෙලා බැලුවා,මම ළඟ බලනවා
එයාලා මා අඳුර ගත්තේ නෑ,එයා මම අඳුරනවා නෑ
මම හුඟක් වෙනස් වෙලා,මම හුඟක් වෙනස්වෙනවා
මම දැන් දලබුවෙක් නෙමෙයි,මම දැන් දලබුවා නෑ
මම දැන් සමනලයෙක්,මම දැන් සමනලයා
ආයුබෝවන්,ආයුබෝවන්
අද අපේ ළමා සමිතිය රැස්වෙන දවස,අද අපේ ළමා සමිතිය රැස්වෙනවා දවස
හැමෝම සූදානම් වෙලා ආවා නේද,හැමෝම සූදානම්වෙනවා එනවා ද
ගුරුතුමිය ඇහුවා,ගුරුතුමිය අහනවා
ඔව් හැමෝම එක හඬින් පිළිතුරු දුන්නා,ඔව් හැමෝම එක හඬ පිළිතුරුදෙනවා
මුලින්ම ඔහුගේ කතාවෙන් අපි සමිතියේ වැඩ පටන්ගනිමු,මුලින් ඔහු කතාව අපි සමිතිය වැඩ පටන්ගන්නවා
ගුරුතුමිය කිව්වා,ගුරුතුමිය කියනවා
පොත් කියවීමෙන් මිනිසා සම්පූර්ණ වෙයි,පොත් කියවීම මිනිසා සම්පූර්ණවෙනවා
අද මම කතා කරන්නේ පොත් කියවීමේ අගය ගැන,අද මම කතාකරනවා පොත් කියවීම අගය
අපි අපේ විවේකය ගතකරන්න විවිධ දේවල් කරනවා,අපි අපේ විවේක ගතකරනවා විවිධ දේවල් කරනවා
පොත් කියවීමෙන් අපට ඒ කාලය සතුටින් විනෝදයෙන් සැහැල්ලුවෙන් ගත කරන්න පුලුවන්,පොත කියවීම අපට ඒ කාලය සතුට විනෝදය සැහැල්ලුව ගතකරනවා පුලුවන්
කවි ගීත කතන්දර පොත් කියවලා දැනුම ලබන්නත් පුලුවන්,කවි ගීත කතන්දර පොත පොතබලනවා දැනුම ලබනවා පුලුවන්
මගේ විනෝදාංශය පොත් කියවීම,මගේ විනෝදාංශය පොත පොතබලනවා
පාසලේ පුස්තකාලෙන් පොත් අරගෙන යනවා,පාසල පුස්තකාලය පොත ගන්නවා යනවා
මගේ උපන් දිනයට මට පොතක් ලැබෙනවා,මගේ උපන් දිනය මට පොත ලැබෙනවා
ලස්සන පින්තූර චිත්‍ර වගේම අලුත් තොරතුරු ඒ පොත්වල තියෙනවා,ලස්සන පින්තූර චිත්‍ර අලුත් තොරතුරු ඒ පොත තියෙනවා
පොත් කියවද්දි පොතේ තියෙන දේවල් හිතේ මැවෙනවා,පොතබලනවා පොත තියෙනවා දේ හිත මැවෙනවා
තව තවත් පොත් කියවන්න ආස හිතෙනවා,තව තව පොත පොතබලනවා ආසව හිතෙනවා
ඒ වගේ ලියන්න ඇත්නම් කියා මටත් හිතෙනවා,ඒ වගේ ලියනවා ඇත්නම් මට හිතෙනවා
අපි හැමෝම පොත් කියවීමට පුරුදු වෙමු,අපි හැමෝම පොතබලනවා පුරුදුවෙනවා
මට සවන් දුන්නාට හැම දෙනාටම ස්තුතියි,මට සවන්දෙනවා හැමෝම ස්තුති
ඔහුගේ කතාවට හැමෝම සතුටින් අත්පොළසන් දුන්නා,ඔහු කතාව හැමෝම සතුටින් අත්පුඩිගහනවා
ඊළඟට ඇයගේ කවියක් මම සභාවට ඉදිරිපත් කරන්නේ,ඊළඟ ඇය කවිය මම සභාව ඉදිරිපත්කරනවා
හැමෝම දන්න පුංචි කවියක්,හැමෝම දන්නවා පුංචි කවිය
අපි හොඳින් ඉගෙන ගෙන යහපත් පුරවැසියෝ වෙමු,අපි හොඳ ඉගෙනගන්නවා යහපත් පුද්ගලයා වෙනවා
අසා සිටි ඔබ සැමට ස්තුතියි,අහනවා ඉන්නවා ඔබ හැමෝම ස්තුති
ඇය ඒ ගීතයට නැටුමකුත් ඉදිරිපත් කළා,ඇය ඒ ගීතය නැටුම ඉදිරිපත්කරනවා
හැමෝම අත්පුඩි ගැසුවා,හැමෝම අත්පුඩිගහනවා
නොදැනීම කාලය ගතවුනා,නොදැනී කාලය ගතවෙනවා
කතාවට දක්ශ අය කතා කළා,කතාව දක්ෂ කතාකරනවා
ගායනයට දක්ශ අය ගායනා කළා,ගායනය දක්ෂ ගායනාකරනවා
සභාවේ හැම දෙනාම සතුටු වුණා,සභාව හැමෝම සතුට
ගුරුතුමිය ළමයින්ගේ දක්ශතා අගය කරා,ගුරුතුමිය ළමයි දක්ශ අගයකරනවා
හැමෝම හිටියේ හරි සතුටින්,හැමෝම ඉන්නවා හරි සතුට
ඊළඟ දවසේ මා සින්දුවක් කියනවා,ඊළඟ දවස මම සින්දුකියනවා
මැස්සකුයි ගෙම්බෙකුයි ඉත්තෑවකුයි කුකුලෙකුයි ගස් කොටයක් උඩ ගෙයක් හදාගෙන හිටියා,මැස්සා ගෙම්බා ඉත්තෑවා කුකුලා ගස කොටය උඩ ගෙදර හදනවා ඉන්නවා
දවසක් මේ හතර දෙනා කැලෑවක් මැද්දින් ගමනක් ගියා,දවස මේ හතර කැලෑව මැද ගමන්යනවා
ඔහොම ගිහින් මේ හතර දෙනාම ගස් කොළ නැති පාලු පිට්ටනියකට ආවා,ඔහොම යනවා මේ හතර දෙනාම ගස් කොළ නෑ පාලු පිට්ටනිය එනවා
එතන පුංචි කරත්තයක් තියෙනවා දැක්කා,ඒ පුංචි කරත්තය තියෙනවා දකිනවා
කරත්තට සවි කරලා තිබුණේ එකට එක නොගැලපෙන රෝද,කරත්ත සවිකරනවා තියෙනවා එක එක නොගැලපෙන රෝදය
පළමු රෝදය බොහොම කුඩා එකක්,එක රෝදය බොහොම කුඩා
දෙවන රෝදය තරමක් ලොකු,දෙක රෝදය තරමක් ලොකු
තුන්වෙනි රෝදය ඊට ලොකු,තුන රෝදය ඊට ලොකු
හතරවෙනි රෝදෙ මහා විශාලයි,හතර රෝදය මහා විශාල
යාළුවෝ පුදුම වෙලා කරත්තෙ දිහා බලාගෙන ඉන්නකොට ළඟ තිබුණු පඳුරකින් හාවෙක් එළියට පැන්නා,යාළුවෝ පුදුම කරත්තය බලනවා ඉන්නවා ළඟ තියෙනවා පඳුර හාවා පිටත පනිනවා
එයත් කරත්තේතේ දෙස බලලා හිනාවුනා,එයා කරත්තය බලනවා හිනාවෙනවා
මේ කරත්තෙ ඔයාගේද,මේ කරත්තය ඔයා ද
යාළුවෝ හතර දෙනාගෙන් හාවා ඇහුවා,යාළුවෝ හතර හාවා අහනවා
ඒක වලස් හාමිගේ කරත්තේ,ඒක වලසා කරත්තය
කරත්ත හදන්න බොහොම මහන්සි වුණා,කරත්තය හදනවා ගොඩාක් මහන්සි
නමුත් එයාට ඒක හදලා ඉවර කරන්න බැරි වුණා,නමුත් එයා ඒක හදලනවා ඉවරකරනවා බෑ
මේ කරත්තෙන් වැඩක් ගන්න පුලුවන්,මේ කරත්තය වැඩ ගන්නවා පුලුවන්
ඒ හින්දා අපි මේක ගෙදර අරන් යමු,ඒ නිසා අපි මේක ගෙදර අරන්යනවා
ඒ අදහසට අනිත් යාලුවෝ තුන්දෙනාම කැමති වුණා,ඒ අදහස අනිත් යාලුවෝ තුන කැමති
හතර දෙනාම එකතුවෙලා කරත්තෙ තල්ලු කරන්න පටන් ගත්තා,හතර එකතුවෙනවා කරත්තයා තල්ලුකරනවා පටන්ගන්නවා
රෝද එකට එක ගැලපෙන්නේ නැති හින්දා කරත්තෙ පොඩ්ඩක්වත් හෙලවුනේ නෑ,රෝද එක එක ගැලපෙනවා නෑ නිසා කරත්තය පොඩි හෙලවෙනවා
පැත්තකට වෙලා බලාගෙන හිටිය හාවා හොඳටම හිනාවුණා,පැත්ත බලනවා ඉන්නවා හාවා හොඳ හිනාවෙනවා
කරත්තෙ තල්ලු කරපු යාලුවෝ හතර දෙනාට හොඳටම මහන්සියි,කරත්තය තල්ලුකරනවා යාලුවෝ හතර හොඳ මහන්සි
අපි එක එක්කෙනා රෝදය ගෙදර ගෙනියමු,අපි එක එක රෝදය ගෙදර ගෙනියනවා
හතර දෙනාම ඒකට කැමති වෙලා එක එක රෝදය ගත්තා,හතර ඒක කැමති එක එක රෝදය ගන්නවා
මේගොල්ලෝ හරි පුදුම මිනිස්සු,මෙයාලා හරි පුදුම මිනිස්සු
එකට එක ගැලපෙන්නෙ නැති රෝද ගෙදර ගෙනියනවා,එක එක ගැලපෙනවා නෑ රෝදය ගෙදර ගෙනියනවා
ඊට පස්සේ හාවා පඳුරු අස්සට පැනලා ගියා,ඊට පස්සේ හාවා පඳුරු අස්ස පනිනවා යනවා
රෝද වලින් වැඩක් ගන්නේ කොහොමද කියලා හතර දෙනාම කල්පනා කරා,රෝදය වැඩ ගනනවා කොහොමද හතර කල්පනාකරනවා
මේ විදියට සියලුම රෝද වලින් වැඩ ගන්න පුලුවන් වුණා,මේ සියලු රෝදය වැඩ ගන්නවා පුලුවන්
කැලේට ගිහිල්ලා පලතුරු කඩාගෙන එනවා,කැලය යනවා පලතුරු කඩනවා එනවා
යාලුවෝ හතර දෙනාගේ බලන්න දවසක් හාවා ඒ ගෙදරට ආවා,යාලුවෝ හතර බලනවා දවස හාවා ඒ ගෙදර එනවා
යාලුවෝ හතර දෙනා හාවා දැකලා බොහොම සතුටු වුණා,යාලුවෝ හතර හාවා දකිනවා බොහොම සතුට
එදා රෝද ගෙනියන කොට හිනා වුන නිසා හාවට ලැජ්ජා හිතුනා,එදා රෝදය ගෙනියනවා හිනාවෙනවා හාව ලැජ්ජාව හිතෙනවා
මට සමාවෙන්න,මට සමාවෙන්න
රෝද එකට එක ගැලපෙන ඒවා නොවුනත් ඒවා පාවිච්චි කරන විදිය දන්නවා නම් වැඩක් ගන්න පුලුවන් බව දැන් මට පේනවා,රෝදය එක එක ගැලපෙනවා ඒවා නොවුනත් ඒවා පාවිච්චිකරනවා විදිය දන්නවා වැඩ ගන්නවා පුලුවන් බව දැන් මට පේනවා
ලොකු රැල්ලක් ඇවිත් වෙරළේ හැප්පුනා,ලොකු රැල්ල එනවා වෙරළ හැප්පෙනවා
හැමෝගෙම කකුල් වතුරෙන් තෙමුනා,හැමෝම කකුල වතුර තෙමෙනවා
සමහරු දිව්වා,සමහරු දුවනවා
සෙල්ලම් කලා,සෙල්ලම්කරනවා
හැමෝම එකට අත් අල්ලගන්න,හැමෝම එක අත් අල්ලගන්නවා
ගුරුතුමී කිව්වා,ගුරුතුමිය කියනවා
හැමෝම ඒ දිහා බලාගෙන සිටියා,හැමෝම ඒ දිහා බලනවා ඉන්නවා
ගුරුතුමිය කැමරාවෙන් පින්තූරයක් ගත්තා,ගුරුතුමිය කැමරාව පින්තූරය ගන්නවා
සරුංගලේ ඈත අහසේ පාවෙනවා,සරුංගලයා ඈත අහස පාවෙනවා
ඒ දිහා බලාගෙන සමහරු විනෝදවුනා,ඒ දිහා බලනවා සමහරු විනෝදවෙනවා
වෙරළ අයිනේ දම් පාට මල් පිපී තිබූනා,වෙරළ අයිනේ දම් පාට මල් පිපෙනවා තියෙනවා
ඈත මුහුදේ නැවක් නැංගුරම් දාලා තිබුනා,ඈත මුහුද නැව නැංගුරම් දානවා තියෙනවා
බෝට්ටු වෙරළ තැනින් තැන නවත්තලා තිබෙනවා,බෝට්ටු වෙරළ තැන තැන නවත්තනවා තියෙනවා
මාළු වෙළෙන්දෝ මාළු තෝරනවා,මාළු වෙළෙන්දා මාළු තෝරනවා
උදේට වෙරළ හරිම කලබලයි,උදේ වෙරළ ගොඩාක් කලබල
මුහුදු ගිහින් ආ ධීවර පිරිසක් ළමයින්ට අත වැනුවා,මුහුදු යනවා එනවා මාලු පුද්ගලයා ළමයි අතවනනවා
මුහුද හරිම ලස්සනයි,මුහුද හරි ලස්සන
මුහුදු රැල්ලක් ආවොත් අකුරු මැකෙනවා,මුහුදු රැල්ල එනවා අකුරු මැකෙනවා
මුහුදයි මුහුදු වෙරලයි දෙකම ලස්සනයි,මුහුද මුහුදු වෙරල දෙක ලස්සන
ඒ අපි හැමෝම මුහුදු වෙරළ පිරිසුදුව තියාගෙන ඉන්න නිසා,ඒ අපි හැමෝම මුහුදු වෙරළ පිරිසුදු තියාගන්නවා ඉන්නවා
අහසයි මුහුදයි එකට ගෑවෙනවා ද,අහස මුහුද එකට ගෑවෙනවා ද
හැමෝම ඈත මුහුද දිහා බැලුවා,හැමෝම ඈත මුහුද දිහා බලනවා
අපට එහෙම පෙනුනාට අහස මුහුදේ ගෑවෙන්නේ නැහැ,අපට එහෙම පෙනෙනවා අහස මුහුද ගෑවෙනවා නෑ
හවසට ඉර බැහැගෙන යද්දී ඉර මුහුදේ ගිලනවා වගේ ඉර ගිණි බෝලයක් වගේ මුහුදේ ගිලෙනවා බලන්න මම නම් හරි ආසයි,හවස ඉර බහිනවා යනවා ඉර මුහුද ගිලනවා ඉර ගිණි බෝලය මුහුද ගිලෙනවා බලනවා මම හරි ආසා
මම ගෙදර ගිහින් ලස්සන චිත්‍රයක් අඳිනවා,මම ගෙදර යනවා ලස්සන චිත්‍රය අඳිනවා
විවේක කාලය ආවා,විවේක කාලය එනවා
කෑම කාලා ඉවර වෙලා යාලුවෝ පිට්ටනියට එකතු වුණා සෙල්ලම් කරන්න,කෑම කනවා ඉවර යාලුවෝ පිට්ටනිය එකතුවෙනවා සෙල්ලම්කරනවා
ඊයේ ඔහු අලුත් සෙල්ලමක් ඉගෙන ගන්නවා,ඊයේ ඔහු අලුත් සෙල්ලම ඉගෙනගන්නවා
අනේ අපිටත් කියලා දෙන්නකෝ,අනේ අපිට කියනවා දෙනවා
මමත් ඒ සෙල්ලම දන්නවා,මම ඒ සෙල්ලම දන්නවා
එහෙනම් හැමෝටම කියලා දෙමු,එහෙනම් හැමෝම කියනවා දෙනවා
මුලින්ම මම සීයා වෙන්නම්,මුලින් මම සීයා
ඔහු යාලුවන්ට කතා කරා,ඔහු යාලුවෝ කතාකරනවා
එන්න අපි පොල්ගහ හදමු,එනවා අපි පොල්ගහ හදනවා
හැමෝම තමන්ගේ අත්මිට මොලවා එක උඩ එක තබා පොල්ගහ හැදුවා,හැමෝම තම අත්මිට මොලවා එක උඩ එක තබනවා පොල්ගහ හදනවා
සීයේ පොල් ගෙඩියක් කඩා ගන්නද,සීයා පොල් ගෙඩිය කඩනවා ගන්නවා ද
එහෙනම් එකක් කඩා ගන්න,එහෙනම් එක කඩනවා ගන්නවා
යාලුවෝ පොල් ගෙඩි ඔක්කොම කඩන ආකාරයට ශබ්ද කරමින් අත් ඉවතට ගත්තා,යාලුවෝ පොල් ගෙඩි ඔක්කොම කඩනවා ආකාරය ශබ්දකරනවා අත් ඉවත ගන්නවා
සීයේ පොල්ලෙලි ගහන්නද,සීයා පොල්ලෙලි ගහනවා ද
හා එහෙනම්,හා එහෙනම්
සීයේ පොල් වතුර බොන්නද,සීයා පොල් වතුර බොනවා ද
පොඩ්ඩක් බිව්වා,පොඩ්ඩක් බිව්වා
හා එහෙනම්,හා එහෙනම්
ඔක්කොම බොන්න,ඔක්කොම බොනවා
යාලුවෝ වතුර බොනවා වගේ පෙන්නුවා,යාලුවෝ වතුර බොනවා වගේ පෙන්නනවා
පොල් ගාන්නද,පොල් ගානවා ද
පොඩ්ඩක් ගෑවා,පොඩ්ඩක් ගානවා
හා එහෙනම්,හා එහෙනම්
ඔක්කොම යාලුවෝ දනහිස නවා අත් දෙක එකතු කර පොල් ගාන ආකාරය රඟපෑවා,ඔක්කොම යාලුවෝ දනහිස නමනවා අත් දෙක එකතුකරනවා පොල් ගානවා ආකාරය රඟපානවා
යාලුවෝ පොල් මිරිකා කුඩු ඉවතට විසි කරන ආකාරය පෙන්නුවා,යාලුවෝ පොල් මිරිකා කුඩු ඉවතට විසි කරන ආකාරය පෙන්නනවා
මම එහෙනම් නාගෙන එන්නම්,මම එහෙනම් නානවා එනවා
හා හොඳයි සීයේ,හා හොඳයි සීයා
ටික දුරක් ගොස් ආපසු යාලුවන් වෙතට ආවා,ටික දුර ගිහින් ආපසු යාලුවෝ ළඟ එනවා
පොල් කිරි ටිකක් ගෙදර බල්ලා බිව්වා,පොල් කිරි ටික ගෙදර බල්ලා බොනවා
ගෙදර බල්ලා කෝ,ගෙදර බල්ලා කොහෙද
ළිඳට පැන්නා,ළිඳට පනිනවා
දුවලා ගිහින් එක්කෙනෙක් අල්ලා ගත්තා,දුවනවා යනවා එක අල්ලාගන්නවා
ඔක්කොම ආපහු සෙල්ලම් කරන්න පටන් ගත්තා,ඔක්කොම ආපහු සෙල්ලම්කරනවා පටන්ගන්නවා
සීනුව නාදවුනා,සීනුව නාදවෙනවා
එන්න දැන් ඉක්මනට පන්තියට යමුු,එන්න දැන් ඉක්මනින් පන්තිය යනවා
යාලුවෝ පන්තියට දිව්වා,යාලුවෝ පන්තිය දුවනවා
අනේ ඇත්තද,අනේ ඇත්ත ද
අපි හෙට ඒ සෙල්ලම කරමු,අපි හෙට ඒ සෙල්ලම්කරනවා
ඇය එහෙම කියද්දී ගුරුතුමිය පන්තියට ආවා,ඇය එහෙම කියනවා ගුරුතුමිය පන්තිය එනවා
ආයුබෝවන් ළමයි,ආයුබෝවන් ළමයි
මොනවා ගැනද මේ කතාවෙන්නේ,මොනවාද මේ කතාකරනවා
ගුරුතුමිය ඇහුවා,ගුරුතුමිය අහනවා
ගුරුතුමිය ළමයි දිහා බැලුවේ පුදුමෙන්,ගුරුතුමිය ළමයි බැලනවා පුදුම
හුඟාක් ඉස්සර කාලෙ ඉඳලා පුංචි ළමයි ඒ වගේ සෙල්ලම් කරලා තියෙනවා,හුඟාක් ඉස්සර කාලය පුංචි ළමයි ඒ වගේ සෙල්ලම්කරනවා තියෙනවා
අපේ ආච්චීත් මට ඒ සෙල්ලම කියලා දීලා තියෙනවා,අපේ ආච්චී මට ඒ සෙල්ලම කියලාදෙනවා තියෙනවා
බොහොම හොඳයි,බොහොම හොඳ
අලුත් දේවල් ඉගෙන ගන්නවා වගේ ම අපේ රටේ පරණ දේවල් ගැනත් ඉගෙන ගන්න එක හරි වැදගත්,අලුත් දේවල් ඉගෙනගන්නවා අපේ රට පරණ දේවල් ගැන ඉගෙනගන්නවා එක හරි වැදගත්
ගුරුතුමා පාඩම් පටන්ගත්තා,ගුරුතුමා පාඩම් පටන්ගන්නවා
යාලුවෝ වැව් ඉවුරට ආවා,යාලුවෝ වැව් ඉවුර එනවා
අද අපි මොකද කරන්නේ,අද අපි මොකක්ද කරනවා
සංගීත පංතියක් දාමු,සංගීතය පන්තිය දානවා
හැමෝම කැමැති වුනා,හැමෝම කැමැති වෙනවා
මම ගුරුතුමිය වෙන්නම්,මම ගුරුතුමිය වෙනවා
මුහුදේ නම් ලොකු නැව් යනවා නේද,මුහුද නම් ලොකු නැව යනවා ද
ඔව් ඔව් කවුරුත් හයියෙන් කිව්වා,ඔව් ඔව් කවුරුත් හයියෙන් කියනවා
මට ආසයි නැවක යන්න,මට ආසා නැව යනවා
අපි දැන් රවුමට වාඩිවෙමු,අපි දැන් රවුම වාඩිවෙනවා
මුහුද ගැන සිංදුවක් කියමු,මුහුද ගැන සිංදුව කියනවා
මුහුද ලස්සනයි,මුහුද ලස්සන
මුහුද හරි ලොකුයි,මුහුද හරි ලොකු
නතර වෙන්නේ නෑ,නතරවෙනවා නෑ
රැල්ල ඇදෙනවා,රැල්ල ඇදෙනවා
වැල්ලේ වැදෙනවා,වැලි වැදෙනවා
වතුර බිංදු ඉහෙනවා,වතුර බිංදු ඉහෙනවා
මම දන්නවා සරුංගලය ගැන සිංදුවක්,මම දන්නවා සරුංගලය ගැන සිංදුව
කියන්නද,කියනවා ද
ලස්සනයි අපි හැමෝම තාලෙට කියමු,ලස්සන අපි හැමෝම තාලෙ කියනවා
රෑ වෙන්න ළඟයි,රෑ ළඟ
අපි දැන් ගෙදර යමු,අපි දැන් ගෙදර යනවා
හෙට අපි සරුංගල් යවමුද,හෙට අපි සරුංගලය යනවා ද
හැමෝම කැමති වුණා,හැමෝම කැමති
යාලුවෝ සින්දු කිය කිය ගෙදර ගියා,යාලුවෝ සින්දුකියනවා ගෙදර යනවා
තරු පිරිලා ආකාසේ මල් පිපිලා,තරු පිරෙනවා ආහස මල් පිපෙනවා
දිලිසි මහ පුදුමයි,දිලිසෙනවා මහ පුදුම
ළිඳ පතුලත් පොකුරු පොකුරු තරු බබලයි,ළිඳ ඇතුල පොකුරු පොකුරු තරු දිලිසෙනවා
පොළොව යටත් තව අහසක් තියෙනවාද,පොළොව යට තව අහස තියෙනවා ද
මට පුදුමයි,මට පුදුම
මොකද අනේ තරු පැංචෝ සීතලේ ද වෙව්ලන්නේ,මොකද අනේ තරු පැංචා සීතල ද වෙව්ලනවා
එකමත් එක කාලෙක දක්ෂ ගොවියෙක් හිටියා,එකමත් එක කාලය දක්ෂ ගොවියා ඉන්නවා
මේ ගොවියාට පුතාලා හතර දෙනෙක් හිටියා,මේ ගොවියා පුතා හතර ඉන්නවා
මේ හතර දෙනාම හරිම කම්මැලියී,මේ හතර ගොඩාක් කම්මැලි
තාත්තා හම්බ කරන දේ කාලා ජීවත්වුනා,තාත්තා හම්බකරනවා දේ කනවා ජීවත්වෙනවා
තාත්තාට උදව් කළේ නෑ,තාත්තාට උදව්කරනවා නෑ
ඒ නිසා ගොවිතැන් වැඩත් බෑ,ඒ නිසා ගොවිතැන් වැඩ බෑ
කිසිම දෙයක් ඉගෙන ගත්තෙත් නෑ,කිසිවක් ඉගෙනගන්නවා නෑ
කාලය ගතවුනා,කාලය ගතවෙනවා
තාත්තා ලෙඩවුණා,තාත්තා ලෙඩවෙනවා
පුතාලා හතර දෙනාට ජීවත් වෙන්න බැරුව ගියා,පුතා හතර ජීවත්වෙනවා බෑ යනවා
ගොවියා පුතාලා හතර දෙනාට කතාකළා,ගොවියා පුතා හතර කතාකරනවා
කුඹුරේ නිධානයක් තියෙනවා,කුඹුර නිධානය තියෙනවා
කුඹුර කොටන්න නිධානය ගන්න පුලුවන්,කුඹුර කොටනවා නිධානය ගන්නවා පුලුවන්
තාත්තා කිව්වා,තාත්තා කියනවා
පුතාලා හතර දෙනා නිධානය ගන්න කුඹුර කෙටුවා,පුතා හතර නිධානය ගන්නවා කුඹුර කොටනවා
ඒත් නිධානය ලැබුනේ නෑ,ඒත් නිධානය ලැබෙනවා නෑ
පුතාලා තාත්තාට කිව්වා,පුතා තාත්තා කියනවා
කුඹුරේ වී වපුරන්න,කුඹුරේ වී වපුරනවා
එවිට නිධානය ලැබේවි,එවිට නිධානය ලැබෙනවා
තාත්තා ඔවුන්ට කිව්වා,තාත්තා ඔවුන් කියනවා
හතර දෙනාම එකතු වෙලා වී වැපුරුවා,හතර එකතුවෙනවා වී වපුරනවා
වී පැළ වුණා,වී පැළවෙනවා
ගොයම් පැහුනා,ගොයම් පැහෙනවා
වී ලැබුණා,වී ලැබෙනවා
මහන්සි වී වැඩ කළ නිසා පුතාලා හතර දෙනා ධනවත් වුණා,මහන්සි වැඩකරනවා පුතා හතර ධනවත් වෙනවා
තාත්තාගේ නිධානයේ රහස ඔවුන්ට තේරුම් ගියා,තාත්තා නිධානය රහස ඔවුන් තේරෙනවා යනවා
ඔවුන් සතුටින් ජීවත් වුණා,ඔවුන් සතුට ජීවත්වෙනවා
වාඩිවෙන්න,වාඩිවෙනවා
පුංචි අපිට හරිම ලස්සනයි,පුංචි අපි ගොඩාක් ලස්සන
ගයමු අපිත් එක්ක,සින්දුකියනවා අපි සමඟ
හිමින් හෙමින් උඩට යමු,හිමින් හෙමින් උඩ යනවා
ආයෙත් පහළට එමු,ආයෙත් පහළ එනවා
රණ්ඩු වෙන්නැතුව සතුටින් ඉමු,රණ්ඩුවෙනවා නෑ සතුට ඉන්නවා
පාසලේ ක්‍රීඩා උත්සවය අද,පාසල ක්‍රීඩා උත්සවය අද
හැමෝම තරඟ වලට සූදානම් වෙලා පාසලට ගියා,හැමෝම තරඟය සූදානම්වෙනවා පාසල යනවා
නිවේදනයක් ඇසුණා,නිවේදනය ඇසෙනවා
කරුණාවෙන් සවන් දෙන්න,කරුණාව සවන්දෙනවා
දිවීමේ තරග ආරම්භ කිරීමටයි මේ සූදානම,දුවනවා තරග ආරම්භකරනවා මේ සූදානම්
තරඟය සඳහා සහභාගි වන සියලු දෙනාම ආරම්භක ස්ථානයට එන්න,තරඟය සහභාගිවෙනවා සියලුදෙනා ආරම්භ ස්ථානය එනවා
ඉක්මනට යන්න,ඉක්මන් යනවා
අන්න හැමෝම දුවනවා,අන්න හැමෝම දුවනවා
හැමෝම වේගයෙන් දුවනවා,හැමෝම වේගයෙන් දුවනවා
අන්න අනේ ඔහු වැටුනා,අන්න අනේ ඔහු වැටෙනවා
අනිත් අයත් ඔහු ළඟට ගියා,අනිත් අය ඔහු ළඟ යනවා
අපිත් යමු ඔහුට උදව් කරමු,අපිත් යනවා ඔහු උදව්කරනවා
හොඳ යාලුවෝ,හොඳ යාලුවෝ
අපට පරාද වෙන්න බෑ,අපට පරාදවෙනවා බෑ
ආයෙත් දුවමු,ආයෙත් දුවනවා
පිට්ටනියේ හැමෝම අත්පුඩි ගැහුවා,පිට්ටනිය හැමෝම අත්පුඩිගහනවා
ඔහු යාලුවෝ සමඟ තරගය එකවර ඉවර කළා,ඔහු යාලුවෝ සමඟ තරගය එකවර ඉවරකරනවා
අපි හැමෝම දිනුම්,අපි හැමෝම දිනනවා
සතුටින් කිවුවා,සතුට කියනවා
දවසක් මුවෙක් වතුර බොන්න ගඟක් ළඟට ආවා,දවස මුවා වතුර බොනවා ගඟ ළඟ එනවා
මේ මුවා තමන්ගේ රූපය කවදාවත් දැකලා තිබුණේ නෑ,මේ මුවා තමන් රූපය කවදාවත් දකිනවා තියෙනවා නෑ
එදා මුවා තමාගේ රූපය වතුරේ දැක්කා,එදා මුවා තමා රූපය වතුර දකිනවා
මගේ අං හරිම ලස්සනයි,මගේ අං ගොඩාක් ලස්සන
ශක්තිමත් ආඩම්බරයෙන් හිතුවා,ශක්තිමත් ආඩම්බරය හිතනවා
ඒත් කකුල් නම් හරිම පොඩියි,ඒත් කකුල් ගොඩාක් පොඩි
හරිම කැතයි කියලා මුවා දුක්වුනා,ගොඩාක් කැත කියනවා මුවා දුක්වෙනවා
කෑම හොයාගෙන ගිය සිංහයෙක් ගඟ ළඟට ආවා,කෑම හොයනවා යනවා සිංහයා ගඟ ළඟ එනවා
මුවා වතුර බොනවා දැක්කා,මුවා වතුර බොනවා දැකිනවා
හිමින් හිමින් මුවා ළඟට ළං වුණා,හිමින් හිමින් මුවා ළඟ
මුවා හොඳටම බය වුණා,මුවා හොඳ බයවෙනවා
මුවා පන බේරගන්න හයියෙන් දිව්වා,මුවා පන බේරගන්නවා හයියෙන් දුවනවා
සිංහයා මුවා පස්සෙන් එලෙව්වා,සිංහයා මුවා පසුපස එලවනවා
එක පාරටම මුවාගේ ලස්සන අං තට්ටුව අත්තක පැටලුනා,එකපාරට මුවා ලස්සන අං තට්ටුව අත්ත පැටලෙනවා
මුවාට දුවන්න බැරි වුණා,මුවා දුවනවා බෑ වෙනවා
සිංහයා ළඟ ළඟම එනවා මුවා දැක්කා,සිංහයා ළඟ ළඟ එනවා මුවා දකිනවා
මුවා දඟලන්න පටන් ගත්තා,මුවා දඟලනවා පටන්ගන්නවා
පැටලුන අං කකුලක උදව්වෙන් බේරගත්තා,පැටලුනා අං කකුල් උදව්ව බේරගන්නවා
වේගයෙන් දුවලා සිංහයාගෙන් බේරුනා,වේගයෙන් දුවනවා සිංහයා බේරෙනවා
අං තට්ටුව ලස්සනයි,අං තට්ටුව ලස්සන
ඒත් මගේ ජීවිතයේ බේරා දුන්නේ මගේ කකුල්,ඒත් මගේ ජීවිතය බේරනවා මගේ කකුල
හති අරමින් මුවා සිතුවා,හතිඅරිනවා මුවා හිතනවා
අර බලන්න ලස්සන මල්,අර බලනවා ලස්සන මල්
උඩ අත්තක අන්න මලක්,උඩ අත්ත අන්න මල
ඒ මල හරිම ලස්සනයි,ඒ මල ගොඩාක් ලස්සන
අන්න බලන්න මල්,අන්න බලනවා මල්
පාට පාට මල්,පාට පාට මල්
ගස් යට ඉන්නවා,ගස් යට ඉන්නවා
අර බලන්න ලස්සන මල්,අර බලනවා ලස්සන මල්
ලේන් පැටියාට හොඳටම බඩගිනි‍යි,ලේනා පැටියා හොඳ බඩගිනි‍
ලේන් අම්මාට දුකයි,ලේනා අම්මා දුක
ලේන් අම්මා ජම්බු ගෙඩියක් කැඩුවා,ලේනා අම්මා ජම්බු ගෙඩිය කඩනවා
ලේන් පැටියාට දුන්නා,ලේනා පැටියා දෙනවා
අම්මේ මට ජම්බු ගෙඩියක් කඩලා දෙන්න,අම්මා මට ජම්බු ගෙඩිය කඩනවා දෙනවා
ජම්බු තියෙන්නෙ උස අතු වලනේ,ජම්බු තියෙනවා උස අතු
මේ කතාව ලේන් අම්මට ඇහුනා,මේ කතාව ලේන් අම්මා ඇහෙනවා
ලේන් අම්මා ගෙඩියක් කැඩුවා,ලේනා අම්මා ගෙඩිය කැඩනවා
ජම්බු ගෙඩිය බිමට දැම්මා,ජම්බු ගෙඩිය බිම දානවා
ඇයට හරි සතුටුයි,ඇය හරි සතුට
උදෑසනම අවදි වෙලා දත කට මුව සෝදලා,උදෑසන අවදිවෙනවා දත කට මූණ සෝදනවා
දෙමාපියන් පා වැඳලා,දෙමාපියන් කකුල් වදිනවා
පාසල් යනවා,පාසල් යනවා
නැටුම් නටා ගී ගයලා,නැටුම් නටනවා ගීත ගායනාකරනවා
සතුටින් එනවා,සතුට එනවා
සෙල්ලම් ගෙදරක් හදලා ගෙදර ඉන්න හැම දෙනාටම කෑම බෙදනවා,සෙල්ලම් ගෙදර හදනවා ගෙදර ඉන්නවා හැමෝම කෑම බෙදනවා
කොටුවේ මැදටම පැන්නා,කොටුව මැද පනිනවා
කොටුවෙන් කොටුවට පැන්නා,කොටුව කොටුව පනිනවා
අන්තිම කොටුවට සතුටින් පැන්නා,අන්තිම කොටුව සතුට පනිනවා
අලුත් ඇඳුම් රස කැවිලි අපට හරි සතුටුයි,අලුත් ඇඳුම් රස කැවිලි අපට හරි සතුට
පුතා එන්න,පුතා එනවා
දුවත් එන්න,දුව එනවා
නැකත් වෙලාව ළඟයි,නැකත් වෙලාව ළඟ
අම්මයි තාත්තයි අපට කිරිබත් කැව්වා,අම්මා තාත්තා අපට කිරිබත් කනවා
එන්න නංගි අපි අම්මාටයි තාත්තාටයි වදිමු,එනවා නංගි අපි අම්මා තාත්තා වදිනවා
අයියේ යාලුවෝ එනවා,අයියා යාලුවෝ එනවා
එන්න දුව එන්න පුතා,එනවා දුව එනවා පුතා
තාත්තා හැමෝටම ආයුබෝවන් කිව්වා,තාත්තා හැමෝටම ආයුබෝවන් කියනවා
අපි තේ බොමු,අපි තේ බොනවා
කන්න මේ කෑම හරි රසයි,කනවා මේ කෑම හරි රස
හැමෝම තාලෙට රබන් ගැසුවා,හැමෝම තාල රබන් ගසනවා
සුදු හාවා කන් දෙක ඔසවා බැලුවා,සුදු හාවා කන් දෙක ඔසවනවා බලනවා
පඳුර උඩින් පැන පැන ආවා,පඳුර උඩ පනිනවා පනිනවා එනවා
පැන පැන ආ හාවා ආයෙත් වටපිට බැලුවා,පනිනවා පනිනවා එනවා හාවා ආයෙත් වටපිට බලනවා
පහල සතුටින් පිනුමක් ගැහුවා,පහල සතුට පිනුම ගහනවා
සීතල සුළඟක් හැමුවා,සීතල සුළඟ හමනවා
ගස්වල කොළ නැටුවා,ගස් කොළ නටනවා
කුරුලු පැටව් ගී ගැයූවා තාලෙට,කුරුලු පැටව් ගීත ගායනාකරනවා තාල
අත්තටු සැලුවා,අත්තටු සලනවා
අද නිවාඩු දවසක්,අද නිවාඩු දවස
ඔහු මිදුලට බැස්සාම ඇලේ වතුර අඩුයි,ඔහු මිදුල බසිනවා ඇල වතුර අඩු
ඇලේ වතුර හරි පැහැදිලියි,ඇල වතුර හරි පැහැදිලි
මාළුවෝ හොඳට පේනවා,මාළුවා හොඳ පේනවා
බලාගෙන ඉන්න ආසයි,බලනවා ඉන්නවා ආස
මෙන්න පුංචි මාළුවෙක්,මෙන්න පුංචි මාළුවා
පුංචි මාළුවා හරිම සතුටින් එහාට මෙහාට පීනනවා,පුංචි මාළුවා ගොඩාක් සතුට ඒ මේ පීනනවා
උඩට එනවා,උඩ එනවා
යටට යනවා,යට යනවා
පුංචි මාළුවා ආයෙමත් එහාට මෙහාට පීනනවා,පුංචි මාළුවා ආයෙත් ඒ මේ පීනනවා
පුංචි මාළුවෝ මටත් ආසයි පීනන්න,පුංචි මාළුවා මට ආස පීනනවා
ඔයාගේ වරල් මට දෙන්න,ඔයා වරල් මට දෙනවා
පුංචි මාළුවා වතුර යටට පීනා ගියා,පුංචි මාළුවා වතුර යට පීනනවා යනවා
අම්මගෙන් අහන්න වෙන්න ඇති,අම්මා අහනවා ඇති
පුංචි ගැහැණු ළමයෙක් සිටියා,පුංචි ගැහැණු ළමයා ඉන්නවා
එයාට හිටියේ අක්කයි අයියායි,එයා ඉන්නවා අක්කා අයියා
එයා දෙන්නටම ගොඩාක් ආදරෙයි,එයා දෙන්නා ගොඩාක් ආදරය
සමහර වෙලාවට එයාට ගොඩක් කේන්ති යනවා,සමහර වෙලාව එයා ගොඩාක් කේන්ති
අයියා විහිලු කරනකොට කේන්ති වැඩිවෙනවා,අයියා විහිලුකරනවා කේන්ති වැඩිවෙනවා
ඉවසගන්නම බැරි වෙනවා,ඉවසනවා බෑ වෙනවා
දවසක් එයාගේ තාත්තා එයාටයි අක්කාටයි ලස්සන බෝනික්කෙක් ගෙනත් දුන්නා,දවස එයා තාත්තා එයා අක්කා ලස්සන බෝනික්කා ගේනවා දෙනවා
ඔන්න රණ්ඩු වෙන්න එපා,ඔන්න රණ්ඩුවෙනවා එපා
දෙන්නම සෙල්ලම් කරන්න ඕනා,දෙන්නම සෙල්ලම්කරනවා ඕනා
තාත්තා කිව්වා,තාත්තා කියනවා
ඇය හරි ආසයි බෝනික්කාට,ඇය හරි ආස බෝනික්කා
බිම තියන්නවත් හිතුනේ නෑ,බිම තියනවා හිතෙනවා නෑ
අක්කා ඉල්ලුවත් දුන්නේ නෑ,අක්කා ඉල්ලනවා දෙනවා නෑ
ඒත් අක්කාටත් ඒ තරමටම ආස හිතෙනවා ඇති නේද කියලා ඇයට සිතුනේ නෑ,ඒත් අක්කා ඒ තරම් ආසා හිතෙනවා ඇති නේද ඇය සිතනවා නෑ
ඒ නිසා අක්කා එක්ක නිතරම රණ්ඩුවුනා,ඒ නිසා අක්කා නිතර රණ්ඩුවෙනවා
එක දවසක් උදේ ඉඳන් බෝනික්කා එක්ක සෙල්ලම් කරා,එක දවස උදේ බෝනික්කා සමඟ සෙල්ලම්කරනවා
අක්කත් සැරින් සැරේ ඇවිත් බෝනික්කා ඉල්ලුවා,අක්කා සැරින් සැරේ එනවා බෝනික්කා ඉල්ලනවා
ඒත් දුන්නේ නෑ,ඒත් දෙනවා නෑ
තනියම සෙල්ලම් කරන්න තමයි ඇයට සිතුනේ,තනියම සෙල්ලම්කරනවා ඇය හිතනවා
එයා හවස් වෙනකම්ම සෙල්ලම් කරා,එයා හවස වෙනවා සෙල්ලම්කරනවා
අක්කාට දුන්නෙම නෑ,අක්කා දෙනවා නෑ
බෝනික්කා අයිති මටයි,බෝනික්කා අයිතිය මට
අක්කත් තවම චූටිනේ ඔයා වගේම එයත් ආසයි බෝනික්කාට,අක්කා තව චූටි ඔයා එයා ආසා බෝනික්කා
ඒ නිසා අක්කටත් ටිකක් දෙන්න සෙල්ලම් කරන්න,ඒ නිසා අක්කා ටික දෙනවා සෙල්ලම්කරනවා
අම්මා ආදරෙන් කිව්වා,අම්මා ආදරය කියනවා
ඒත් ඇය බෝනික්කා දුන්නේ නෑ,ඒත් ඇය බෝනික්කා දෙනවා නෑ
හවස අක්කා ඇවිත් බෝනික්කා උදුරාගත්තා,හවස අක්කා එනවා බෝනික්කා උදුරාගන්නවා
දෙන්නා රන්ඩුවුනා,දෙක රන්ඩුවෙනවා
අක්කාට පාරක් ගැහුවා,අක්කා ගහනවා
ඒත් අක්කා බෝනික්කා ආපහු දුන්නේ නෑ,ඒත් අක්කා බෝනික්කා ආපහු දෙනවා නෑ
ඇයට හොඳටම කේන්ති ගියා,ඇය හොඳ කේනති
මූණ කැත වුනා,මූණ කැත වෙනවා
ඔයා දවසම සෙල්ලම් කරා,ඔයා දවස සෙල්ලම්කරනවා
දැන් අක්කාගේ වාරේ,දැන් අක්කා වාර
අම්මා සැරෙන් කතා කරා,අම්මා සැර කතාකරනවා
ඇයට තවත් තරහා ගියා,ඇය තවත් තරහායනවා
ඇයගේ මුහුණ දිහා බලාගෙන සිටි අයියාට හිනා ගියා,ඇය මුහුණ දිහා බලනවා ඉන්නවා අයියා හිනාවෙනවා
අයියාගේ හිනාව වැඩිවුනා,අයියා හිනා වැඩිවෙනවා
ඔන්න දැන් කේන්ති වැඩි වේගෙන එනවා,ඔන්න දැන් කේන්ති වැඩිවෙනවා එනවා
අයියා හයියෙන් කියන්න ගත්තා,අයියා හයියෙන් කියනවා
ඇයගේ කේන්තිය තව වැඩිවුනා,ඇය කේන්තිය තව වැඩිවෙනවා
කූඩුව පෙරලන්න හිතුනා,කූඩුව පෙරලනවා හිතෙනවා
මේසේ පෙරලන්න හිතුනා,මේසය පෙරලනවා හිතෙනවා
ළඟ තිබුණු සෙල්ලම් බඩු පෙට්ටියට පයින් ගැහුවා,ළඟ තියෙනවා සෙල්ලම් බඩු පෙට්ටිය පයින් ගහනවා
ඇය අයියාගේ පස්සෙන් දිව්වා,ඇය අයියා සසුපස දුවනවා
අයියා හිනා වෙවී ගෙදර වටේම දුවනවා,අයියා හිනාවෙනවා ගෙදර වටේ දුවනවා
තාත්තා හිනා වෙවී ජනේලයෙන් බැලුවා,තාත්තා හිනාවෙනවා ජනේලය බලනවා
දුව විහිලුවට අරගෙන උත්තර දුන්නේ අයියා,දුව විහිලු අරගන්නවා උත්තරදෙනවා අයියා
මේ කමිසයෙන්වත් අල්ලගන්න විදිහක් නෑ,මේ කමිසය අල්ලගන්නවා විදිහ නෑ
බලු කූඩුව උඩට අත දිග නෑ,බල්ලා කූඩුව උඩ අත දිග නෑ
දැන් නංගිව තවත් කේන්ති නොකර ඉන්න පුතා,දැන් නංගී තව කේන්ති ඉන්නවා පුතා
අම්මා හිනා වෙවී අයියාට කිව්වා,අම්මා හිනාවෙනවා අයියා කියනවා
අම්මාට හිනා ගිය එකටත් දුවට කේන්ති වැඩිවුනා,අම්මා හිනා දුව කේන්ති වැඩිවෙනවා
දැන් හැමෝම දුව දිහා බලාගෙන ඉන්නවා,දැන් හැමෝම දුව බලනවා ඉන්නවා
මට එපා ඔයාලා හැමෝම,මට එපා ඔයා හැමෝම
මම තරහයි,මම තරහයි
ඔයාලා ඔක්කොම එකයි,ඔයා ඔක්කොම එක
අයියා මහ හයියෙන් කෑ ගැහුවා,අයියා මහ හයියෙන් කෑගහනවා
එයාටත් කේන්ති යන දවසක් එයිනේ එදාට මම අල්ලගන්නම්කෝ,එයා කේන්තියනවා දවස එනවා එදාට මම අල්ලගන්නවා
කේන්තියෙන් ඇවිදගෙන ගියා,කේන්ති ඇවිදිනවා යනවා
කේන්තිය වැඩිකමට මොනවා කරන්නද කියලා දුවට හිතාගන්න බැරි වුනා,කේන්තිය වැඩි මොනවාද දුව හිතනවා බෑ වෙනවා
දුව කේන්තියෙන් කල්පනා කරා,දුව කේන්තිය කල්පනාකරනවා
වාඩිවෙලා ඉන්නකොට ඇයට මල් ගණන් කරන්න සිතුනා,වාඩිවෙනවා ඉන්නවා ඇය මල් ගණන්කරනවා හිතනවා
ලේනෙක් ඇවිත් අතු සොලවනවා ඇයට ගණන් වරදිනවා,ලේනා එනවා අතු සොලවනවා ඇය ගණන් වරදිනවා
ජම්බු ඇයගේ ඇඟට වැටෙනවා,ජම්බු ඇය ඇඟ වැටෙනවා
තව ටිකෙන් බිමට වැටෙනවා,තව ටික බිම වැටෙනවා
ඇයට කේන්තිය අමතකවුනා,ඇය කේන්ති අමතකවෙනවා
ඇයගේ මූණ ආයෙත් ලස්සන වෙලා,ඇය මූණ නැවතත් ලස්සන
ගස් අතරින් සීතල සුළඟක් හමාගෙන ආවා,ගස් අතර සීතල සුළඟ හමනවා එනවා
ඇයට අමුතු සනීපයක් දැනුනා,ඇය අමුතු සනීපය දැනෙනවා
ඉර බැහැගෙන ගියා,ඉර බහිනවා යනවා
කුරුල්ලෝ පියාඹලා ගියා,කුරුල්ලා පියාඹනවා යනවා
ටිකෙන් ටික කලුවර වුනා,ටික ටික කලුවර වෙනවා
ඇය වට පිට බැලුවා,ඇය වට පිට බලනවා
මං මොකද මේ මෙතනට වෙලා ඉන්නේ,මං මොකක්ද මේ මෙතන ඉන්නවා
ඇය කල්පනා කරා,ඇය කල්පනාකරනවා
මම අද හවස අක්කා එක්ක රණ්ඩුකලා නේ,මම අද හවස අක්කා රණ්ඩුකරනවා
ඇයි මම රණ්ඩුකලේ,ඇයි මම රණ්ඩුකරනවා
එයා එයාගෙන්ම අහගත්තා,එයා එයා අහනවා
එයා එයාටම උත්තර දුන්නා,එයා එයා උත්තරදෙනවා
ඇයි අක්කා උදුරා ගත්තේ,ඇයි අක්කා උදුරාගන්නවා
මම දුන්නේ නැති නිසා,මම දෙනවා නෑ
ඇයි දුන්නේ නැත්තේ,ඇයි දෙනවා නෑ
ඇය කල්පනා කරා,ඇය කල්පනාකරනවා
මම උදේ ඉඳන් බෝනික්කා එක්ක සෙල්ලම් කළා,මම උදේ බෝනික්කා සමඟ සෙල්ලම්කරනවා
අක්කාට දුන්නේම නෑ,අක්කා දෙනවා නෑ
අක්කත් ආසයිනේ බෝනික්කාට,අක්කා ආසා බෝනික්කා
අක්කා පව්,අක්කා පව්
මම අක්කාට ගැහුවා,මම අක්කා ගහනවා
රිදුනා ද දන්නේ නෑ,රිදෙනවා දන්නවා නෑ
කේන්ති ගියාට කාටවත් ගහන්න හොඳ නෑ,කේන්ති කාටවත් ගහනවා හොඳ නෑ
ගිහින් බලන්න ඕනේ,යනවා බලනවා ඕනා
ඇයට ගොඩක් දුක හිතුනා,ඇය ගොඩාක් දුක හිතෙනවා
ඒත් දැන් කොහොමද ගෙදර යන්නේ,ඒත් දැන් කොහොමද ගෙදර යනවා
ගෙදර ගියාම ඒ ගැන මතක් කරලා හැමෝම විහිලු කරයි ද දන්නේ නෑ,ගෙදර යනවා ඒ ගැන මතක හැමෝම විහිලුකරනවා දන්නවා නෑ
මට හිනා වෙයිද දන්නේ නෑ,මට හිනාවෙනවා දන්නවා නෑ
හෙමින් හිමින් යන්න ඕනෙ බලන්න,හෙමින් හිමින් යනවා ඕනා බලනවා
හෙමින් ගිහින් ගෙදරට ආවා,හෙමින් යනවා ගෙදර එනවා
නංගි එන්න සෙල්ලම් කරන්න,නංගි එනවා සෙල්ලම්කරනවා
අක්කා කතා කලා,අක්කා කතාකරනවා
ගන්න නංගි,ගන්නවා නංගි
අක්කා තරහා නෑ වගේ,අක්කා තරහා නෑ
අපරාදේ මම අක්කා එක්ක රණ්ඩු කළේ,අපරාදේ මම අක්කා සමඟ රණ්ඩුවෙනවා
මමත් මේ වගේ එයාට දුන්නා නම් කොච්චර හොඳද,මම මේ වගේ එයා දෙනවා නම් කොච්චර හොඳ
චූටි දුව කොහෙද ගියේ,චූටි දුව කොහෙද යනවා
මම කෑම හැදුවා,මම කෑම හදනවා
කන්න එන්න,කනවා එනවා
අම්මාටත් රණ්ඩුව මතක නෑ වගෙයි,අම්මා රණ්ඩුව මතක නෑ
ඇයට හරි සතුටු හිතුනා,ඇය හරි සතුට හිතෙනවා
නංගි ඔයා කන්නේ නැත්නම් මට දෙන්න,නංගි ඔයා කනවා නැත්නම් මට දෙනවා
අයියාටත් මතක නෑ වගේ,අයියා මතක නෑ
තාත්තා ආවා,තාත්තා එනවා
තාත්තා දුව එක්ක මේසයේ වාඩි වුණා,තාත්තා දුව මේසය වාඩිවෙනවා
හැමෝම හිනා වෙවී කෑම කෑවා,හැමෝම හිනාවෙනවා කෑම කනවා
මේ හැමෝම මට ආදරෙයිනෙ,මේ හැමෝම මට ආදරෙයි
අපරාදේ මම කේන්ති ගත්තේ,අපරාදේ මම කේන්ති
කේන්තිය හොඳ නෑ,කේන්තිය හොඳ නෑ
හිතට අමාරුයි,හිත අමාරු
ඇඟට අමාරුයි,ඇඟ අමාරු
ඒ නිසා පස්සේ හැමදාම හිනා වෙලා ඉන්න ඕනා,ඒ නිසා පස්සේ හැමදාම හිනාවෙනවා ඉන්නවා ඕනා
එයා හැමදාම රෑට ඇවිත් මුහුදට එබිලා බලනවා,එයා හැමදාම රෑ එනවා මුහුද එබෙනවා බලනවා
අද හැම තැනම කලුවරයි,අද හැම තැන කලුවර
හඳ අහසට ඇවිත් මුහුදට එබුණා,හඳ අහස එනවා මුහුද එබෙනවා
මූණ බලන්න,මූණ බලනවා
මොනවත් පේන්නේ නෑ,මොනවත් පේනවා නෑ
හඳට හරිම දුකයි,හඳ ගොඩාක් දුක
හඳ අඬන්න පටන් ගත්තා,හඳ අඬනවා පටන්ගන්නවා
ඇයි හඳ ඔයා අඬන්නෙ,ඇයි හඳ ඔයා අඬනවා
සුළඟ ඇසුවා,සුළඟ අසනවා
අද මගේ මූණ පේන්නේ නෑ,අද මගේ මූණ පේනවා නෑ
හඳ අඬමින් කිව්වා,හඳ අඬනවා කියනවා
අනේ මම නම් දන්නේ නෑ,අනේ මම දන්නවා නෑ
හඳ ඒ ඇයි කියල,හඳ ඒ ඇයි
වැස්ස වහින්න පටන් ගත්තා,වැස්ස වහිනවා පටන්ගන්නවා
හඳ වැස්සේ තෙමි තෙමී ඇඬුවා,හඳ වැස්සේ තෙමෙනවා තෙමෙනවා අඬනවා
ඇයි හඳ අඩන්නේ,ඇයි හඳ අඬනවා
වැස්ස ඇහුවා,වැස්ස අහනවා
අද මගේ මූණ පේන්නේ නෑ,අද මගේ මූණ පේනවා නෑ
හඳ කිව්වා,හඳ කියනවා
ඇත්ත තමයි,ඇත්ත
අනේ මම නම් දන්නේ නෑ ඒ ඇයි කියලා,අනේ මම දන්නවා නෑ ඒ ඇයි
වැස්ස කිව්වා,වැස්ස කියනවා
ඊලඟට වළාකුලක් පාවලා ආවා,ඊලඟ වළාකුල පාවෙනවා එනවා
ඇයි හඳ ඔයා මේ අඬන්නෙ,ඇයි හඳ ඔයා මේ අඬනවා
වළාකුල ඇහුවා,වළාකුල අහනවා
අනේ මම ආසයි හැමදාම දිලිසෙන්න,අනේ මම ආසා හැමදාම දිලිසෙනවා
මගේ මූණ පේන්නේ නෑ,මගේ මූණ පේනවා නෑ
අද මාව පේන්නේම නෑ,අද මම පේනවා නෑ
හඳ කිවුවා,හඳ කිවුවා
ඇත්ත තමයි,ඇත්ත
ඒත් අනේ මම දන්නේ නෑ ඒ ඇයි කියලා,ඒත් අනේ මම දන්නේ නෑ ඒ ඇයි කියලා
ඉර නම් දන්නවා ඇති,ඉර දන්නවා ඇති
අපි ඉරගෙන් අහලා බලමු,අපි ඉර අහනවා බලනවා
වළාකුල කිව්වා,වළාකුල කියනවා
වළාකුල ගියා ඉර හම්බවෙන්න,වළාකුල යනවා ඉර හම්බවෙනවා
ඉර අද හරි රස්නෙයි,ඉර අද හරි රස්නෙ
බලන්නත් අමාරුයි,බලනවා අමාරු
වළාකුල ඈත ඉඳන් ඉරට කතා කළා,වළාකුල ඈත ඉඳන් ඉර කතාකරනවා
ඉර හඳ අඬනවා,ඉර හඳ අඬනවා
අද එයාගේ මූණ පේන්නේ නෑ කියලා,අද එයා මූණ පේනවා නෑ
අනේ ඒ ඇයි කියලා කියන්නකෝ,අනේ ඒ ඇයි කියනවා
මම හරි ආසයි දැනගන්න,මම හරි ආසා දන්නවා ගන්නවා
ඒක දිග කතන්දරයක්,ඒක දිග කතන්දරය
වළාකුලට තේරේවිද දන්නේ නෑ,වළාකුල තේරෙනවා දන්නවා නෑ
වළාකුල ආශාවෙන් කිව්වා,වළාකුල ආශව කියනවා
අනේ ඉර මට කියලා දෙන්නකෝ,අනේ ඉර මට දෙනවා
හොඳයි වළාකුල ඔළුව වැනුවා,හොඳ වළාකුල ඔළුව වනනවා
වළාකුල දන්නවාද,වළාකුල දන්නවා ද
අහසේ ඉන්නේ මෙන්න මේ වගේ,අහසේ ඉන්නවා මේ වගේ
ඉර ලොකු කතන්දරයක් කියන්න පටන් ගත්තා,ඉර ලොකු කතන්දර කියනවා පටන්ගන්නවා
හඳ ඒක අහගෙන හිටියා,හඳ ඒක අහනවා ඉන්නවා
කියන්නකෝ ඇයි හඳ එළිය දෙන්නේ නැත්තේ අද,කියනවා ඇයි හඳ එළිය දෙනවා නෑ අද
හඳ ඇත්තටම එළිය දෙන්නේ නෑ,හඳ ඇත්ත එළිය දෙනවා නෑ
හඳ කහපාටින් දිලිසෙන්නේ මගේ එළිය වැටුනාම,හඳ කහ දිලිසෙනවා මගේ එළිය වැටෙනවා
මෙන්න මේ වගේ,මෙන්න මේ වගේ
ඒත් අද ඒ එළිය වැටුණු කොටස පොළොවට පේන්නේ නෑ,ඒත් අද ඒ එළිය වැටෙනවා කොටස පොළොව පේනවා නෑ
පොළවට පේන්නේ කළුවර පැත්ත,පොළව පේනවා කලුවර පැත්ත
එතකොට බබාලා අහස බැලුවාට හඳ පේන්නේ නෑ,එතකොට බබා අහස බලනවා හඳ පේනවා නෑ
හඳ මුහුදට එබුණාට මුහුණ පේන්නෙත් නෑ,හඳ මුහුද එබෙනවා මුහුණ පේනවා නෑ
ඒත් ටික දවසකින් ආයෙත් පේන්න පටන්ගන්නවා ඉර කිව්වා,ඒත් ටික දවස ආයෙත් පේනවා පටන්ගන්නවා ඉර කියනවා
ඒ කොහොමද,ඒ කොහොමද
වළාකුල ඇසුවා,වළාකුල අහනවා
හඳ හැමදාම එක තැන ඉන්නේ නෑ,හඳ හැමදාම එක තැන ඉන්නවා නෑ
හඳ දවසින් දවස හෙමින් හෙමින් පොළොව වටේ කැරකෙනවා,හඳ දවස දවස හෙමින් හෙමින් පොළොව වටේ කැරකෙනවා
ඉර කියාගෙන කියාගෙන ගියා,ඉර කියානවා කියානවා යනවා
වළාකුල කල්පනාවෙන් අහගෙන හිටියා,වළාකුල කල්පනා අහනවා ඉන්නවා
නෑ නෑ හඳ මාමාට මගේ එළිය වැටෙන්නේ හැමදාම එක වගේ,නෑ නෑ හඳ මාමා මගේ එළිය වැටෙනවා හැමදාම එක වගේ
ඒත් එක වගේ පෙනෙන්නේ නෑ,ඒත් එක වගේ පෙනවා නෑ
හැමදාම එක වගේ ඉර එළිය වැටෙනවා නම් ඇයි හැමදාම එක වගේ පෙනෙන්නේ නැත්තෙ,හැමදාම එක වගේ ඉර එළිය වැටෙනවා නම් ඇයි හැමදාම එක වගේ පෙනවා නෑ
අනේ මට තේරෙන්නේ නෑ,අනේ මට තේරෙනවා නෑ
වළාකුල දුකින් කිව්වා,වළාකුල දුක කියනවා
හඳ දවස් විසි අටකට වරක් පොළොව වටේ කැරකෙනවා,හඳ දවස විසිඅට වරක් පොළොව වටේ කැරකෙනවා
එතකොට හඳ මූණට එක වගේ එළිය වැටුනාට එක් එක දවසෙදි පොළොවට පෙනෙන හැටි වෙනස් වෙනවා,එතකොට හඳ මූණ එක වගේ එළිය වැටෙනවා එක් එක දවස පොළොව පෙනෙනවා හැටි වෙනස්
එතකොට පොළොවේ ඉන්න බබාලාට හඳේ ඉර එළියේ වැටුණු කොටස පෙනෙන්නේ විවිධ විදියට,එතකොට පොළොව ඉන්නවා බබා හඳ ඉර එළිය වැටෙනවා කොටස පෙනෙනවා විවිධ
දැන් තේරුණාද ඔයාට,දැන් තේරෙනවා ඔයා
ඉර ඇහුවා,ඉර ඇහනවා
දැන් මට තේරුණා,දැන් මට තේරෙනවා
හරියට හරි,හරි හරි
ඉර කිව්වා,ඉර කියනවා
දැන් නම් හඳට ගොඩක් සතුටුයි,දැන් හඳ ගොඩාක් සතුට
ඉතින් ඊට පස්සේ හඳ හැමදාම නොඉවසිල්ලෙන් එබී බලන් ඉන්නවා,ඉතින් ඊට පස්සේ හඳ හැමදාම ඉවසනවා නෑ එබෙනවා බලනවා ඉන්නවා
එදා නිවාඩු දවසක්,එදා නිවාඩු දවස
තාත්තා ඇහැරුනේ ටිකක් පරක්කු වෙලා,තාත්තා අවදිවෙනවා ටික පරක්කු
හැබැයි නිවාඩු දවස් වල උදේට ගෙදර ඇතුලේ වගේම එළියේ සද්දේ අද ඇහෙන්නේ නෑ,හැබැයි නිවාඩු දවස උදේ ගෙදර ඇතුල වගේ එළිය සද අද ඇහෙනවා නෑ
මොකද අද දෙන්නාගේ සද්දයක් නැත්තේ,මොකද අද දෙක සද්ද නෑ
තාත්තා ඇහුවේ අම්මාගෙන්,තාත්තා අහනවා අම්මා
ඔය ඉන්නේ කාමරයට වෙලා,ඉන්නවා කාමරය
පාසලේ වැඩ කරනවා වෙන්න ඇති,පාසල වැඩකරනවා
අම්මා කිව්වේ ළමයි දෙන්නා ගැන,අම්මා කියනවා ළමයි දෙක ගැන
ඒත් සද්ද නැතුව ඉන්න පුරුද්දක් ඒ දෙන්නාට නෑනෙ,ඒත් සද්ද නෑ ඉන්නවා පුරුද්ද ඒ දෙක නෑ
තාත්තා කිව්වේ හිනාවෙලා,තාත්තා කියනවා හිනාවෙනවා
මාත් ඒක හිතුවා,මම ඒක හිතනවා
අම්මා කිව්වේ ටිකක් හිමින්,අම්මා කියනවා ටික හිමින්
තාත්තා ගියේ කම්මැලි කමින්,තාත්තා යනවා කම්මැලි
පූසාත් නිදි,පූසා නිදි
ඌ ඔළුව උස්සලා බලලා ආයෙත් නිදාගත්තා,ඌ ඔළුව උස්සනවා බලනවා ආයෙත් නිදාගන්නවා
මොකද වෙනදා නම් මේ වෙද්දි එයා එක්ක සෙල්ලම් කරනවා,මොකද වෙනදා මේ එයා සමඟ සෙල්ලම්කරනවා
අද එයා නෑනේද,අද එයා නෑ ද
තාත්තා දැක්කා සීයා එනවා,තාත්තා දකිනවා සීයා එනවා
සීයා කියන්නේ අම්මාගේ තාත්තා,සීයා අම්මා තාත්තා
සීයා ළමයි දෙන්නාට හරිම ආදරෙයි,සීයා ළමයි දෙක ගොඩාක් ආදරෙයි
ළමයි දෙන්නා ඇවිදගෙන ආවේ කිසිම කලබලයක් නැතුව,ළමයි දෙක ඇවිදිනවා එනවා කිසිම කලබලය නෑ
සීයාත් එක්කම ළමයි දෙන්නා ගෙදර ඇතුලට ආවා,සීයා එක්ක ළමයි දෙක ගෙදර ඇතුල එනවා
පුතේ ඔයාලට සනීප නැද්ද,පුතා ඔයා සනීප නෑ ද
සීයා අහනවා දෙන්නාගෙන්ම,සීයා අහනවා දෙක
මුහුණ දිහා හොඳට බලාගෙන,මුහුණ හොඳ බලනවා
නෑ සීයේ ඇයි එහෙම ඇහුවේ,නෑ සීයා ඇයි එහෙම අහනවා
නෑ මගේ දුව වෙනදා මෙහෙම ඉන්නවාද,නෑ මගේ දුව වෙනදා මෙහෙම ඉන්නවා ද
ආපු ගමන් මගේ බෑග් එක අදිනවානේ,එනවා මගේ බෑගය අදිනවා
කන්න හොයනවානේ,කෑම හොයනවා
සීයේ අපේ අම්මා කියලා තියෙනවා එහෙම කරන්න එපා කියලා,සීයා අපේ අම්මා කියනවා තියෙනවා එහෙම එපා
සීයා හයියෙන් හිනා වුනා,සීයා හයියෙන් හිනාවෙනවා
තාත්තා දිහා බැලුවා,තාත්තා බලනවා
අම්මාත් ආවා එතැනට,අම්මා එනවා එතැන
එහෙම කරන්න හොඳ නැහැ,එහෙම හොඳ නෑ
අද නම් කලින්ම වහිනවා වගේ,අද කලින්ම වහිනවා
සීයා කිව්වෙ අහස දිහා බලාගෙන,සීයා කියනවා අහස බලනවා
සීයාට පරිසරය ගැන හොඳ අවබෝධයක් තියෙනවා,සීයා පරිසරය හොඳ අවබෝධය තියෙනවා
ළමයි ආපහු කාමරේට ගියා,ළමයි ආපහු කාමරය යනවා
ළමයි දෙන්නා ළඟට පූසා ආවා,ළමයි දෙක ළඟ පූසා එනවා
දුවේ අද දෙන්නාට මොකද වෙලා තියෙන්නෙ,දුව අද දෙක් මොකක්ද
අම්මා හදලා දුන්න තේ එක බොන ගමන් සීයා ඇහුවා,අම්මා හදනවා දෙනවා තේ බොනවා සීයා අහනවා
ඒක තමා මාත් බැලුවේ,ඒක මාත් බලනවා
අද උදේ ඉදලම දෙන්නා පාඩම් කරනවා,අද උදේ දෙන්නා පාඩම්කරනවා
මොකද ඒ දෙන්නාට විභාගයක්වත් තියෙනවාද,මොකද ඒ දෙක විභාගය තියෙනවා ද
ඒ දෙන්නා සෙල්ලම් කළා,ඒ දෙක සෙල්ලම්කරනවා
මම ඊයේ දෙන්නාටම බැන්නා,මම ඊයේ දෙක බනිනවා
අම්මා දිහා බැලුවා මුකුත් තාත්තා දන්නේ නෑ,අම්මා බලනවා තාත්තා දන්නවා නෑ
මොකද දන්නෑ ඒ වෙනකම් කන්න බොන්නවත් ගානක් නෑ,මොකක්ද ඒ කනවා බොනවා
ආපු වෙලේ ඉඳලා පූසයි බල්ලයි එක්ක සෙල්ලම් කරනවා,ආපු වෙලාවා පූසා බල්ලා සමඟ සෙල්ලම්කරනවා
ඒ ඉවර වෙලා රූපවාහිනිය ළඟට ගිහිල්ලා කෑගහනවා,ඒ ඉවර රූපවාහිනිය ළඟ යනවා කෑගහනවා
මෙන්න තව ටිකකින් බලද්දි දෙන්නා මොකක්ද පොතක් අරගෙන ඒකට රණ්ඩු වෙනවා,මෙන්න තව ටික බලනවා දෙක මොකක්ද පොත අරගන්නවා ඒ රණ්ඩුවෙනවා
සෙල්ලම් බඩු ටික ගේ පුරාම විසිකරලා,සෙල්ලම් බඩු ගෙදර විසිකරනවා
මට හොඳටම තරහා ගියා,මට හොඳ තරහායනවා
අම්මා කියද්දී තාත්තාට ටිකක් තරහා ගියා,අම්මා කියනවා තාත්තා ටික තරහායනවා
ඇයි මොකද වෙලා තියෙන්නේ,ඇයි මොකක්ද තියෙනවා
ඊයේ රෑ මම ගෙදර අස් කරා,ඊයේ රෑ මම ගෙදර අස්කරනවා
මේ හොඳට තියෙන්නේ,මේ හොඳ තියෙනවා
වෙනදා මෙහෙමද මට අස් කරලම මහන්සියි,වෙනදා මෙහෙම මට අස්කරනවා මහන්සි
මොකක්ද මට අඩුවක් පේනවා,මොකක්ද මට අඩු පේනවා
මටත් හිතුනා,මටත් හිතෙනවා
ඒ මොකක්ද තාත්තෙ,ඒ මොකක්ද තාත්තා
මට හිතෙන්නේ මේ ගෙදර අඩුව තමා මේ පොඩි දෙන්නාගේ සදදේ,මට හිතෙනවා මේ ගෙදර අඩු තමා මේ පොඩි දෙක සදදේ
සීයා කීවේ හිනාවෙලා,සීයා කියනවා හිනාවෙනවා
අම්මා මොකුත්ම කිව්වේ නෑ,අම්මා මොකුත් කියනවා නෑ
පුතේ මම කැමති නෑ ළමයින්ට ගහන්න,පුතා මම කැමති නෑ ළමයි ගහනවා
සීයා තාත්තාට කිව්වා,සීයා තාත්තා කියනවා
ඒ දෙන්නා ඊයේ ඉඳලාම තරහ වෙලා හිටියා,ඒ දෙක ඊයේ ඉඳලා තරහවෙනවා ඉන්නවා
ගෙදර සද්දෙ නැත්තේ,ගෙදර සද්දෙ නෑ
නංගී හොරෙන් මල්ලී දිහා බැලුවා,නංගී හොරා මල්ලී බලනවා
කතාව ඒ දෙන්නාට ඇහුනා,කතාව ඒ දෙක ඇහෙනවා
දෙන්නාට තරහා වෙලා ඉන්න බෑ,දෙක තරහාවෙනවා ඉන්නවා බෑ
හැබැයි අම්මා දුන්න දඩුවම නිසා දෙන්නා හොඳටම තරහා වෙලා හිටියේ,හැබැයි අම්මා දෙනවා දඩුවම නිසා දෙක හොඳ තරහාවෙනවා ඉන්නවා
ආයේ කවදාවත් සෙල්ලම් කරන්න යන්නෙත් නෑ,ආයේ කවදාවත් සෙල්ලම්කරනවා යනවා නෑ
ගෙදර කෑගහන්නෙත් නෑ,ගෙදර කෑගහනවා නෑ
ඒත් දැන් මේ සීයා කියන විදිහට පොඩි ළමයි හැමෝම සෙල්ලම් කරනවා,ඒත් දැන් මේ සීයා කියනවා පොඩි ළමයි හැමෝම සෙල්ලම්කරනවා
වැඩිහිටියන්ට ඒවා අමතක වෙනවා,වැඩිහිටියෝ ඒවා අමතකවෙනවා
හැබැයි සෙල්ලම් කරාට පාඩම් වැඩක් කරන්න ඕනේ,හැබැයි සෙල්ලම්කරනවා පාඩම් වැඩකරනවා ඕනා
අම්මා බැන්නේ ඒකට,අම්මා බනිනවා ඒ
අපි දෙන්නා රණ්ඩු වෙද්දි අම්මාට තරහා යන්න ඇති,අපි දෙක රණ්ඩුවෙනවා අම්මා තරහායනවා
අපි සෙල්ලම් කරලා ඉවර වෙලා ගෙදර පිරිසිදු කරමු,අපි සෙල්ලම්කරනවා ඉවර ගෙදර පිරිසිදුකරනවා
ඊට පස්සේ පාඩම් කරමු,ඊට පස්සේ පාඩම්කරනවා
අක්කා මම එක්ක යාලු වෙලා,අක්කා මම සමඟ යාලුවෙනවා
බබාගේ අම්මා වැඩ කරලා එන්නේ හවසට,බබා අම්මා වැඩකරනවා හවස
අම්මා එනකම් බබා බලාගෙන ඉන්නවා,අම්මා එනවා බබා බලනවා ඉන්නවා
අම්මා එක්ක හුරතල් වෙන්න එයා හරි ආසයි,අම්මා සමඟ හුරතල්වෙනවා එයා ආසා
අම්මාට කියන්න දවසේ විස්තර ගොඩාක් තියෙනවා,අම්මාට කියනවා දවස විස්තර ගොඩාක් තියෙනවා
පොත්පත් ගැන මාළු ටැංකිය ගැන අලුත් කුරුල්ලා ගැන,පොත්පත් මාළුවා ටැංකිය අලුත් කුරුල්ලා
අම්මාට ඒවා කියන්නේ ආසාවෙන්,අම්මාට ඒවා කියනවා ආසා
ඉතින් එක දවසක් බබා වෙනදා වගේ අම්මා එනකම් බලාගෙන හිටියා,ඉතින් එක දවස බබා වෙනදා අම්මා එනවා බලනවා ඉන්නවා
අම්මා ඈත එනකොට දුවලා ගිහින් වෙනදා වගේ ඇඟේ එල්ලුනා,අම්මා ඈත එනවා දුවනවා යනවා වෙනදා ඇඟ එල්ලෙනවා
යන්න ළමයො අහකට,යනවා ළමයා
අම්මා සැර කරාට බබාට දුක හිතුණා,අම්මා සැරකරනවා බබා දුක හිතෙනවා
ඇයි මේ,ඇයි මේ
එයා ආයෙත් අම්මාගේ ඇඟේ එල්ලුනා,එයා ආයෙත් අම්මා ඇඟ එල්ලෙනවා
කරදර නොකර යන්න ළමයෝ,කරදරකරනවා නෑ යනවා ළමයා
අම්මා ආයෙ කිව්වා,අම්මා කියනවා
අම්මා අද හරි වෙනස්,අම්මා අද හරි වෙනස්
බබාට දුක හිතුනා,බබා දුක හිතෙනවා
ඇස්වලින් කඳුලු ආවා,ඇස් කඳුලු එනවා
අම්මා සැර කරන නිසා ලැජ්ජා හිතුණා,අම්මා සැරකරනවා ලැජ්ජා හිතෙනවා
චූටි බබාට කේන්ති දුකයි,චූටි බබා කේන්ති දුක
එයා ළඟ තිබුණු ගහ යටට වෙලා කල්පනා කරා,එයා ළඟ තියෙනවා ගහ යට කල්පනාකරනවා
අම්මා එක එක වෙලාවට එක එක විදියයි,අම්මා එක එක වෙලාව එක එක විදිය
වෙලාවකට හරි හොඳයි,වෙලාව හරි හොඳ
වෙලාවකට හරි නරකයි,වෙලාව හරි නරක
ඇයි මේ,ඇයි මේ
ඇයි අම්මාට හැම තිස්සෙම එක වගේ හිනාවෙලා ආදරෙන් ඉන්න බැරි,ඇයි අම්මා හැමතිස්සෙ එක හිනාවෙනවා ආදරය ඉන්නවා බෑ ද
බබා තනියම හිතුවා,බබා තනියම හිතනවා
මෙච්චර වෙලා පාර බලාගෙන හිටියේ අම්මා එනකන්,මෙච්චර වෙලාඅව පාර බලානවා ඉන්නවා අම්මා එනවා
ඒත් අම්මා මට යන්න ළමයෝ කිව්වා,ඒත් අම්මා මට යනවා ළමයා කියනවා
බබාට ඇඬෙන්න ආවා,බබාට අඬනවා
පූසා ඇවිත් බබාගේ කකුල වටේ කැරකුනා,පූසා එනවා බබා කකුල වටේ කැරකෙනවා
යන්න අහකට බබා පූසා තල්ලු කරලා දැම්මා,යනවා අහක බබා පූසා තල්ලුකරනවා දානවා
පූසා බයවෙලා කෑගහගෙන දිව්වා,පූසා බයවෙනවා කෑගහනවා දුවනවා
පස්සේ බබා ළඟට බල්ලා ආවා,පස්සේ බබා ළඟ බල්ලා එනවා
බල්ලා සෙල්ලම් කරන්න පටන් ගත්තා,බල්ලා සෙල්ලම්කරනවා පටන්ගන්නවා
කලබල නොකර යන්න,කලබල නොකර යනවා
බබා බල්ලාටත් සැර කරා,බබා බල්ලා සැරකරනවා
බල්ලා යන්න ගියා,බල්ලා යනවා
ඉතින් කියන්නකෝ මොකද උනේ,ඉතින් කියනවා මොකක්ද වෙනවා
අපේ අම්මා වෙලාවකට හරි හොඳයි වෙලාවකට හරි සැරයි,අපේ අම්මා වෙලාව හරි හොඳ වෙලාව හරි සැර
බබා කිව්වා,බබා කියනවා
මම දන්නෙ නෑ,මම දන්නවා නෑ
සමහර දවසට වැඩ ඉවර වෙලා එනකොට දුවලා ඇවිත් මාව වඩා ගන්නවා,සමහර දවස වැඩ ඉවර එනවා දුවනවා එනවා මාව වඩාගන්නවා
සමහර දවසට යන්න ළමයෝ අහකට කියලා මට සැර කරනවා,සමහර දවස යනවා ළමයා අහක මට සැරකරනවා
අදත් මට එහෙම සැර කරා,අද මට එහෙම සැරකරනවා
ඔලුව නමාගෙන කල්පනා කරනවා,ඔලුව නමනවා කල්පනාකරනවා
මට තේරෙන්නේ නෑ,මට තේරෙනවා නෑ
ඇයි අම්මා වෙනස් වෙන්නේ කියලා,ඇයි අම්මා වෙනස්
මම කැමතියි අම්මා හැමදාම දුවලා ඇවිත් මාව වඩා ගන්නවට,මම කැමති අම්මා හැමදාම දුවනවා එනවා මාව වඩාගන්නවා
සමහර විට අම්මාට උදේ ඉඳලා වැඩ කරලා මහන්සි ඇති,සමහර විට අම්මා උදේ වැඩකරනවා මහන්සි
ඒ නිසා තරහ ගියාද දන්නේ නෑ,ඒ නිසා තරහ යනවා ද දන්නවා නෑ
එහෙම නැත්නම් අම්මාට කවුරු හරි බැන්නාද දන්නේ නෑ,එහෙම නැත්නම් අම්මා කවුරු හරි බනිනවා දන්නවා නෑ
ඔහු කල්පනා කරමින් කිව්වා,ඔහු කල්පනාකරනවා කියනවා
ඉතින් මම නෙවෙයිනේ බැන්නේ,ඉතින් මම නෑ බනිනවා
ඇයි අම්මා මට බැන්නේ,ඇයි අම්මා මට බනිනවා
හරි හරි අපි දැන් යමු සෙල්ලම් කරන්න,හරි හරි අපි දැන් යනවා සෙල්ලම්කරනවා
මට බෑ,මට බෑ
අනේ යමුකෝ සෙල්ලම් කරන්න,අනේ යනවා සෙල්ලම්කරනවා
මට බෑ යන්න ඔයා,මට බෑ යනවා ඔයා
බබා කේන්තියෙන් කිවුවා,බබා කේන්ති කියනවා
ඔන්න බලන්න ඔයත් අම්මා වගේ,බලනවා ඔයා අම්මා වගේ
වෙලාවකට හරි හොදයි,වෙලාව හරි හොඳ
වෙලාවකට හරි සැරයි,වෙලාව හරි සැර
ඊයේ අනේ අපි අපි සෙල්ලම් කරමුකෝ කිව්වා,ඊයේ අනේ අපි අපි සෙල්ලම්කරනවා කියනවා
අද යන්න අහකට කියලා සැර කරා,අද යනවා අහකට කියනවා සැරකරනවා
දැක්කා නේද ඔයාගේ හැටි,දකිනවා නේද ඔයා හැටි
බබාට හොඳටම ලැජ්ජා හිතුනා,බබා හොඳ ලැජ්ජා හිතෙනවා
දැන් තේරුණා නේද,දැන් තේරෙනවා නේද
අම්මා විතරක් නෙවෙයි ඔයාත් එහෙමයි,අම්මා විතරක් නෑ ඔයා එහෙම
අපි හැමෝම එහෙමයි,අපි හැමෝම එහෙම
එක එක වෙලාවට එක එක විදිය,එක එක වෙලාව එක එක විදය
දුකෙන් ඉන්නවා,දුක ඉන්නවා
සතුටෙන් ඉන්නවා,සතුට ඉන්නවා
තරහෙන් ඉන්නවා,තරහ ඉන්නවා
හැමතිස්සේම එක වගේ නෑ,හැමතිස්සේ එක වගේ නෑ
බබා ගෙදර දිහා බලාගෙන කල්පනා කරා,බබා ගෙදර දිහා බලනවා කල්පනාකරනවා
ඇත්ත තමයි,ඇත්ත තමා
මටත් සමහර වෙලාවට කේන්ති යනවා,මට සමහර වෙලාව කේන්තියනවා
අනෙක් අයටත් එහෙම වෙනවා,අනෙක් අය එහෙම වෙනවා
අම්මටත් අද මොනවාට හරි කේන්ති ගිහින් ඉන්න ඇති,අම්මා අද මොනවා හරි කේන්තියනවා ඉන්නවා ඇති
ඒ නිසා මම ඒකට තරහ වෙන්න හොඳ නෑ,ඒ නිසා මම ඒක තරහවෙනවා හොඳ නෑ
ගෙදර දිහා බලාගෙන හිතුවා,ගෙදර බලනවා හිතනවා
දැන් ගෙදර ගිහින් බලන්න,දැන් ගෙදර යනවා බලනවා
අම්මාගේ කේන්තිය නිවිලා ඇති,අම්මා කේන්ති නිවෙනවා ඇති
බබා හෙමින් කුස්සිය පැත්තෙන් ගෙදරට ඇතුල් වුණා,බබා හෙමින් කුස්සිය ගෙදර ඇතුල්වෙනවා
අම්මා තේ හදනවා,අම්මා තේ හදනවා
බබා දැකලා අම්මා දුවලා ආවා,බබා දකිනවා අම්මා දුවනවා එනවා
කොහෙද ගියේ,කොහෙද යනවා
බබාට හරිම සතුටුයි,බබා ගොඩාක් සතුට
ඊට පස්සේ බබා කවදාවත් අම්මාට කේන්ති ගියාට තරහා වුණේ නෑ,ඊට පස්සේ බබා කවදාවත් අම්මා කේන්තියනවා තරහාවෙනවා නෑ
මට අස් කරලාම මහන්සියි,මට අස්කරනවා මහන්සි
ඔහුගේ බොහෝ කතන්දර පොත් වල ඒක ගැන ලියලා තියෙනවා,ඔහු ගොඩාක් කතන්දර පොත ඒක ලියනවා තියෙනවා
එතන තමයි දැන් අපි ඉන්නේ,ඒක දැන් අපි ඉන්නවා
ගුරුතුමිය ජනකලා කෞතුකාගාරයට ඇතුළුවීමට පෙළ ගැසෙන්න ළමයිට කිව්වා,ගුරුතුමිය කෞතුකාගාරය යනවා පෙළගහනවා ළමයා කියනවා
විමසිලිමත් දෑස් දල්වමින් ළමයි ජනකලාගාරයේ අපූරු නිමැවුම් නරඹමින් ඉදිරියට ගියහ,පරීක්ශාකරනවා ළමයා කෞතුකාගාරය පුදුම බඩු බලනවා ඉදිරිය යනවා
අර අර කරත්තයක් ඔහු ඇඟිල්ල දිගු කළේය,ඒක කරත්තය ඔහු ඇඟිලි
අපේ අත්තම්මලා ගෙදර තියෙන්නේ එතැන,අපේ ආච්චි ගෙදර තියෙනවා ඒක
අපි එහෙ ගියාම කරත්තයෙන් ගිහින් තියෙනවා,අපි ඒක යනවා කරත්තය යනවා තියෙනවා
යාළුවො දෙන්නා එහෙ යන්න ඇත්තේ මේ වගේ ඔරුවකින් වෙන්න ඇති,යාලුවා දෙක ඒක යනවා මේක ඔරුව
ධීවර කර්මාන්තයට අදාල උපකරණ නරඹමින් ළමයි තවත් ඉදිරියට ගියහ,මාලුවා අල්ලනවා වැඩ බඩු බලනවා ළමයා තව ඉදිරිය යනවා
ගොවිතැන සඳහා භාවිත වන උපකරණ එකිනෙක විස්තර කරද්දී ළමයි සාවධානව අසා සිටියහ,ගොවිතැන භාවිතාකරනවා බඩු එකිනෙක පැහැදිලි ළමයා හොද අහනවා ඉන්නවා
නගුල මම මීට කලින් දැකලා නෑ ඇය කීවාය,නගුල මම කලින් දකිනවා නෑ ඇය කියනවා
මමත් දැකලා තිබුණේ රූපයෙන් විතරයි ඔහු කීවේය,මම දකිනවා තියෙනවා රූපය පමණ ඔහු කියනවා
බලන්න ඉස්සර හාල් මැනපු උපකරන,බලනවා ඉස්සර හාල් මනිනවා බඩු
මේ තියෙන්නේ සේරුව,මේ තියෙනවා සේරුව
අර හුණ්ඩුව,ඒක හුණ්ඩුව
ගුරුතුමිය විස්තර කරද්දි ළමයි ගුරුතුමිය වටා රැස්වූහ,ගුරුතුමිය පැහැදිලි ළමයා ගුරුතුමිය වටේ රැස්වෙනවා
අපේ ගණිත පොතෙත් තියනවා මනින උපකරන,අපේ ගණන පොත තියෙනවා මනිනවා බඩු
ඇයි මතක නැද්ද,ඇයි මතක නෑ ද
රූකඩ වෙස් මුහුණු ගොවිතැන් උපකරණ වගේ දේවල් මෙතන ප්‍රදර්ශනය කරන්නේ ඇයි,රූකඩ වෙස්මුහුණ ගොවිතැන බඩු මෙතන පෙන්වනවා ඇයි
මෙතෙක් නිහඬව සිටි ඇය ඇසීය,මෙතෙක් නිහඬ ඉන්නවා ඇය අහනවා
හොද ප්‍රශ්නයක් දුවේ ඇහුවෙ,හොද ප්‍රශ්න දුව ඇහනවා
ඔහු ගමට ඉතා සමීපව සිටි කෙනෙක්,ඔහු ගම ගොඩාක් ළග ඉන්නවා පුද්ගලයා
එතුමා ගමට ආදරය කළා,ඔහු ගම ආදරෙයි
පරිසරයට ආදරය කළා,පරිසරය ආදරෙයි
ගමේ කර්මාන්තවලට ජන සංගීතයට ජන කලාවට එතුමා ප්‍රිය කළා,ගම වැඩ ගම සින්දුව ගම චිත්‍රය ඔහු කැමති
එතුමා නමින් තිබෙන කෞතුකාගාරයට ජනකලා අංග එකතු කරලා තියෙනවා.,ඔහු තියෙනවා කෞතුකාගාරය ගම චිත්‍රය තියෙනවා
අනතුරුව ළමයි පොල්තෙල් හිඳීමට භාවිතා කරන සෙක්කුව අසලට රැස්වූහ,පස්සේ ළමයා පොල්තෙල් හදනවා භාවිතාකරනවා සෙක්කුව ළග රැස්වෙනවා
එය භාවිතා කරන ආකාරය ගුරුතුමිය ළමයින්ට පැහැදිලි කළාය,ඒක භාවිතාකරනවා ගුරුතුමිය ළමයා පැහැදිලි
ඉන් අනතුරුව ළමයින් පිවිසියේ ශ්‍රවණාගාරයටයි,පස්සේ ළමයා ඇතුල යනවා ශ්‍රවණාගාරය
ඔහු පිළිබඳ තොරතුරු ඇතුළත් කෙටි වාර්තා චිත්‍රපටිය නැරඹීමට ඔවුන්ට එහිදී අවස්ථාව උදා විය,ඔහු තොරතුරු තියෙනවා පොඩි චිත්‍රපටය බලනවා ඔවුන් ඒක පුලුවන්
අපි ඊළඟට යන්නේ කොහේද ඇය ඇසුවාය,අපි ඊළඟ යනවා කොහද ඇය අහනවා
කලබල වෙන්ඩ එපා.,කලබල එපා
එහෙට යන්නේ අන්තිමට ඇය කීවාය,ඒක යනවා අන්තිම ඇය කියනවා
සියල්ලෝම සිනාසුනහ,හැමදේම සිනාසෙනවා
ඔවුන් ඊළඟට පියමැන්නේ ඔහු උපන් නිවසටය,ඔවුන් ඊළඟ යනවා ඔහු උපන් ගෙදර
අර තනි කකුලේ මේසයක් ඇය කීවාය,ඒක එක කකුල මේසය ඇය කියනවා
අර ඇඳට කියන නම මොකක්ද ඔහු ඇසුවේය,ඒක ඇඳ නම මොකක්ද ඔහු අහනවා
අපේ අත්තම්මලා ගෙදරත් තියෙනවා ඔහු එක්වරම කීය,අපේ ආච්චි ගෙදර තියෙනවා ඔහු කියනවා
අර දිග පුටුව,ඒක දිග පුටුව
ඒක මං දන්නවා ඇය කීවාය,ඒක මම දන්නවා ඇය කියනවා
එතුමා පරිහරණය කළ ඇස් කණ්ණාඩි යුවල පෑන ආදිය තබා ඇති ලියන මේසය අසල ළමයි මදක් නතර වූහ,ඔහු භාවිතාකරනවා ඇස්කණ්ණාඩිය පෑන තියෙනවා ලියනවා මේසය ළඟ ළමයා ටික ඉන්නවා
එතුමාගේ අත් අකුරුද ඔවුන්ට දැකගන්නට ලැබුණි,ඔහු අකුරු ඔවුන් දකිනවා පුලුවන්
ළමයි එතුමාගේ ලේඛන දිවියේ විශේෂ තොරතුරු සටහන් කරගත්හ,ළමයා ඔහු ලියනවා ජීවිතය විශේෂ තොරතුරු ලියනවා
ඔහුගේ මහ ගෙදරින් පිටතට පැමිණි ඔවුහු නිවස ඉදිරියෙහි තණ බිමේ වාඩිවුවහ,ඔහු ලොකු ගෙදර පිටත පැමිණෙනවා ඔහු ගෙදර ඉදිරිය තණකොළ බිම වාඩිවෙනවා
දිවා ආහාරයෙන් පසුව එහි යන බව ඇසූ ළමා පිරිස සතුටින් ඉපිල ගියහ,දවල් කෑම පස්සේ ඒක යනවා අහනවා ළමයා සතුට
පුංචි කතාවක් කියන්න,පොඩි කතන්දර කියනවා
පුංචි අපිට සවන් දෙන්න,පොඩි අපිට සවන්දෙනවා
පුංචි පුංචි වැරදි ඇතත් පුංචි අපට සමාවන්න,පොඩි පොඩි වැරදි තියෙනවා පොඩි අපිට සමාව
පුංචි අපේ කතන්දරේ කුකුළු හාමි කෙනෙක් ඉන්නවා,පොඩි අපේ කතන්දර කුකුළා ඉන්නවා
මී හාමිල හතර දෙනයි,මීයා හතර වත්ත
වත්තේ මල්ගස් මේ අපයි,මල අපි
කුකුළු හාමි එළියට එයි,කුකුළා පිටත එනවා
මී හාමිලා හතර දෙන දිව එති,මීයා හතර දුවනවා එනවා
කුකුළු හාමිගේ ගෙදර කොතැනදෝ?,කුකුළා ගෙදර කොහෙද
කුකුළු හාමිගේ ගෙදර මෙතන වේ,කුකුළා ගෙදර මෙතන මේක
වෙලාව කියනා මූණ කොතැනදෝ?,වෙලාව කියනවා මුහුණ කොහෙද
වෙලාව කියනා මූණ මෙතන වේ,වෙලාව කියනවා මුහුණ මේක
මල් පාත්තිය කොතැන තිබුණි,මල කොහෙද තියෙනවා
මල් පාත්තිය මෙතැන තිබුණි,මල් මේක තියෙනවා
"කම්මැලිකම අහලත් නැති වැඩට පොළට හොඳට කැමති, සෑම කෙනෙකුට හොඳ හිත ඇති කුකුළුහාමි තමන්ට ඇති රාජකාරි ඉටුකරන්නේ හොඳ සතුටින්",කම්මැලි අහනවා නැති වැඩ හොඳ කැමති හැමෝම හොඳ හිත තියෙනවා කුකුලා මට තියෙනවා රාජකාරි හොඳ සතුට
මී හාමිලා හතර දෙනයි,මීයා හතර
ඉන්ඩ තැනක් උන්ට නැතෙයි,ගෙදර ඔවුන් නෑ
කන්ඩ දෙයක් උන්ට නැතෙයි,කෑම ඔවුන් නෑ
බොන්න දෙයක් උන්ට නැතෙයි,බොනවා ඔවුන් නෑ
කුස්සිගානේ ඇවිද්දා මම,කුස්සිය ඇවිදිනවා මම
දැන් ඉස්සර වගේ ගෙවල වැඩිපුර කෑමත් නෑනේ,දැන් ඉස්සර ගෙදර ගොඩාක් කෑම නෑ
ගහක කොලක පලතුරු නෑ,ගහ පලතුරු නෑ
මිදුලක විසි කරපු දෙයක් කසල ගොඩක දාපු දෙයක් අපි වාගේ අයට කන්න නෑ දැන් ඉතුරුවක් වෙන්නෙ,මිදුල තියෙනවා කුණුගොඩ තියෙනවා දෙය අපිට කනවා නෑ දැන් ඉතුරුකරනවා
වැස්සක් දැන් දැන් මේ එනවා,වැස්ස දැන් දැන් මේ එනවා
ගෙයක් සොයන්නට වෙනවා,ගෙදර හොයනවා
ගෙයක් හදාගත්තත් දැන් ඇඳ ඇතිරිලි කොට්ට මෙට්ට හදාගන්න ලේසි නෑ නෙ,ගෙදර හදනවා නමුත් දැන් ඇඳ ඇතිරිලි කොට්ටය මෙට්ටය හදනවා පහසු නෑ
ඉස්සර වාගේ නෙවෙ දැන්,කලින් වගේ නෑ දැන්
මිනිස්සු හරි පිරිමැස්මයි,මිනිසා ඉතුරුකරනවා
දැකලා නැද්ද පුංචි පිරිමි ගැහැනු ළමයියි පාර තොටක,දකිනවා නෑ ද පොඩි පිරිමි ගැහැනු ළමයා මාර්ගය
කඩදහියක් ඉතුරු නොකර එකතු කරත්,කඩදාසිය ඉතුරුකරනවා නෑ එකතුකරනවා
අහක දාන කඩදාසිත් එතැනට මිලයට ගනීලු,විසිකරනවා කඩදාසිය ඒක මිලදීගන්නවා
ඉතින් මොකද දැන් කරන්නේ?,මොකක්ද දැන්
අහලා නැද්ද එහා ගමේ කුකුළු හාමිගේ විස්තර,අහනවා නෑ ඊළඟ ගම කුකුළා තොරතුරු
අසරණ අපි වගේ අයට උදව් දෙන්න හරි කැමතිලු,අසරණ අපි වගේ අය උදව්කරනවා හරි කැමති
එහෙනං අපි එහාට යමු,අපි ඒක යනවා කරත්තය යනවා තියෙනවා
ගිහින් කුකුළු හාමි සොයමු,යනවා කුකුළා සොයනවා
යමක් කමක් කරල දීලා ඉන්ට කන්ට සොයාගනිමු,වැඩකරනවා ඉන්නවා කනවා සොයනවා
නියර දිගේ දුවගෙන ගොස් ඒ දණ්ඩෙන් එගොඩවෙලා කඳු නැගලා කඩුලු පැනලා මී හාමිලා හතර දෙනා කුකුළුහාමි සොයා යතෙයි,නියර දුවනවා යනවා ඒදණ්ඩ යනවා කන්දනගිනවා කඩුල්ල පනිනවා මීයා හතර කුකුළා සොයනවා යනවා
අතන පේන ගෙදර වෙන්ටෑ කුකුළු හාමි ඉන්නේ,අතන පේන ගෙදර වෙන්ටෑ කුකුළු හාමි ඉන්නේ
දොර නම් වසා ඇත,දොරවහනවා තියෙනවා
ගෙයින් පිට ගොස් වත් ද?,ගෙදර පිටත යනවා ද
මිදුලේ තියෙන මල් පාත්තියේ හරි ලස්සන මල් පිපිලා,මිදුල තියෙනවා මල් ලස්සන මල් පිපෙනවා
ඒ අය හරි සිරියාවයි,ඒක අය ලස්සන
තොරතුරු දැන ගත හැකි වෙයි,තොරතුරු දන්නවා පුලුවන්
ලස්සන මල් කුමරුනේ ලස්සන මල් කුමරියනි උදව් සොයා අපි එන්නේ,ලස්සන මල් කුමරා ලස්සන මල් කුමරිය උදව්කරනවා සොයනවා අපි එනවා
කුකුළුහාමි කොයි ඉන්නේ,කුකුළා කොහෙද ඉන්නවා
එන්න මෙහෙ එන්න කුකුළුහාමි මෙහෙ ඉන්නෙ,එන්න මෙහෙ එන්න කුකුළුහාමි මෙහෙ ඉන්නෙ
අපි ආවේ උදව් ගන්න ඉන්න කන්න සොයා ගන්න,අපි එනවා උදව්කරනවා ගන්නවා ඉන්නවා කනවා සොයනවා
කුකුළුහාමි හරි හොඳයිලු,කුකුළා හොඳයි
උදව් දෙන්න හරි කැමතිලු,උදව්කරනවා දෙනවා කැමති
උදව් දෙන්න කැමති තමයි,උදව්කරනවා දෙනවා කැමති
දඟ නොකරන හොඳ ළමයින් බලා ගනියි හොඳ සතුටින්,දඟකරනවා නෑ හොඳ ළමයා බලනවා හොඳ සතුට
ගෙයි ඉන්නවා කුකුළුවහාමි,ගෙදර ඉන්නවා කුකුළා
ගොහින් කතා කර බලන්න,යනවා කතාකරනවා බලනවා
කිට්ටු කරලා දොර ළඟට,ළඟ දොර ළඟ
තට්ටු කරලා බැලුවා,තට්ටුකරනවා බලනවා
දැනගත හැකි කුකුළු හාමි ඉන්නවාද නැද්ද කියලා,දන්නවා පුලුවන් කුකුළා ඉන්නවා නෑ ද
කවුදැයි ඉස්සර වෙන්නේ?,කවුද කලින්
ඉස්සර ගොස් දොර තට්ටු කරන්නේ,කලින් යනවා දොර තට්ටුකරනවා
කුකුළු හාමි එළියට එයි,කුකුළා පිටත එනවා
එච්චර කරදර මොකටද,කරදර මොකද
කුකුළු හාමි අර එන්නේ,කුකුළු හාමි අර එන්නේ
ගොහින් කතා කරලා බලන්න,යනවා කතාකරනවා බලනවා
කුකුළු හාමි වටපිට බලයි,කුකුළා වටපිට බලනවා
ආයුබෝවන් කුකුළු හාමි,ආයුබෝවන් කුකුළා
ආයුබෝවන් පොඩි දරුවනි,ආයුබෝවන් පොඩි දරුවා
ඉතින් මොකද මේ පැත්තෙ,මොකද මේ
ඇයිද කතාවක් නැත්තේ,ඇයිද කතාකරනවා නෑ
කුකුළු හාමි මේ අහන්න,කුකුළා මේ අහනවා
නැතෙයි අපිට කන්න බොන්න,නෑ අපිට කනවා බොනවා
නැතෙයි අපිට නිදා ගන්න,නෑ අපිට නිදාගන්නවා
අනුකම්පාවක් කරන්න,අනුකම්පාව
අපිට කන්න ඉන්න දෙන්න,අපිට කනවා ඉන්නවා දෙනවා
කුකුළු හාමි කියන වැඩක් අපගේ ඇහැට පෙනෙන වැඩක් කරදී අප උදව් වෙන්න අනුකම්පාවක් කරන්න,කුකුළා කතාකරනවා වැඩ අපේ ඇස පෙනෙනවා වැඩකරනවා අප උදව්කරනවා අනුකම්පාව
අහිංසකයෝ වගේ පෙනෙයි,අහින්සක වගේ පෙනෙනවා
මගේ පාලුවටත් එක්කලා ඉඳුම්හිටුම් දීම හොඳයි,මගේ පාලුව ඉන්නවා දෙනවා හොඳ
සැමදා ඉස්කෝලෙ යන්ට පොතපත පාඩම් කරන්ට ලියනු කියනු ඉගෙන ගන්ට හොඳ කීකරුවට හිදින්ට කැමති ළමයි ඉන්නවා නම් කැමතියි මම ඉන්ට දෙන්න,
කැමතියි මම කන්ට දෙන්න,කැමති මම කනවා දෙනවා
අසරණ පැටවුන්ට ඉතින් නැති හන්දා යන්ට තැනක් නැති හන්දා කන්ට දෙයක් කුකුළුහාමි දුක හිතිලා ඉඳුම් හිටුම් දුන්නා,අසරණ පැටියා නෑ යනවා තැන නෑ කෑම කුකුළා දුක ඉන්නවා දෙනවා
හතර දෙනා දඟකාරයි,හතර අය දඟකරනවා
නිතර වගේ සෙල්ලමෙන්ම දවස ගත කළා,නිතර සෙල්ලම්කරනවා දවස ඉන්නවා
උදෙන්ම පාසලට ගියේ,උදේ පාසල යනවා
සවසට සෙල්ලම් පිටියේ ඉන්නවා,හවස සෙල්ලම්කරනවා බිම ඉන්නවා
පොතපත මුල්ලක වූයේ,පොත මුල්ල තියෙනවා
පොරොන්දු අමතකව ගියේ,පොරොන්දුව අමතක
කුකුළුහාමි කියපු වැඩක් උන්ගේ ඇහැට පෙනුණු වැඩක් කරලා උන් උදව් උනේ නෑ,කුකුළා කියනවා වැඩ ඔවුන් ඇස පේනවා වැඩකරනවා ඔවුන් උදව්කරනවා නෑ
පොරොන්දු අමතක නේ,පොරොන්දු අමතක නේ
ගෙදර දොරේ වැඩ ඔක්කොම කුකුළුහාමි අතේ තමයි,ගෙදර දොර වැඩ හැමදේම කුකුළ අත
හතර දෙනා නම් කිසිවිට උදව් කළේ නෑ,හතර අය කවදාවත් උදව්කරනවා නෑ
කුකුළුහාමි උදේ නැගිට මුළු ගමටම වෙලාව දී ගෙදර දොරේ කටයුතු ගැන කම්මැලි නෑ කඩිසර වෙයි,කුකුළා උදේ නැගිටිනවා හැමදේම ගම වෙලාව දෙනවා ගෙදර දොර වැඩ කම්මැලි නෑ කඩිසර
කෑම පිහලා කුකුළුහාමි ගේ අතුගා කුකුළු හාමි ඉදල අරන් කුකුළු හාමි මිදුලට බැස්සේ දවසක්,කෑම උයනවා කුකුළා ගෙදර අතුගානවා කුකුළා ඉදල ගන්නවා කුකුළා මිදුල යනවා දවස
මොකක් බොලේ බිම වැටිලා තියෙන්නේ,මොකක්ද බිම තියෙනවා
වී ටික කොටලා ගත්තොත් පිටි කොටලා කැවුම් සාදා පුංචි උන්ට කන්න ඇහැකි,වීකොටනවා ගන්නවා පිටිකොටනවා කැවුම උයනවා පොඩි ඔවුන් කනවා පුලුවන්
මෙහෙ වරෙල්ලා දරුවනේ මේ වී කරලත් ගෙනේ,මේක එනවා දරුවා මේ වීකරල ගෙනෙනවා
ගෙදර වැඩක් අල්ලල නෑ,ගෙදර වැඩ අල්ලනවා නෑ
ගණන් හදාගෙන නොගියොත් දෙවි පිහිටයි මට,ගණන හදනවා නෑ යනවා දෙවිපිහිට මට
ලංකාවේ සිතියමකුයි ගංගාවල් වරායවල් ඇඳගෙන යන්නට ඇත මට,ලංකාව සිතියම ගඟ වරාය චිත්‍රඅදිනවා යනවා තියෙනවා මට
මගේ ඔළුව කැක්කුම වගේ,මගේ ඔලුවරිදෙනවා
හා හා මට තේරෙනවා,හරි හරි මට තේරෙනවා
බඩත් ටිකත් රිදෙනවා,බඩරිදෙනවා ටික
කෝ මගේ වයලීනය,කොහෙද මගේ වයලීනය
හොඳයි කාටවත් බැරි නම් මමම පිටි කොටාගෙන එන්නම්,හරි කිසිවෙකු බෑ මම පිටිකොටනවා එනවා
කුකුළුහාමි ගෙදරින් පිට ගියොත් සෙල්ලමේ තමයි,කුකුළා ගෙදර පිටත යනවා සෙල්ලම්කරනවා
කුකුළු හාමි එන්ට කලිං බෝල අතක්වත් සෙල්ලම් කරමුද,කුකුළා එනවා කලින් බෝලය සෙල්ලම්කරනවා ද
හරි හරි මෙන්න බෝලෙ මෙන්න පිත්ත,හරි හරි මේක බෝලය මේක පිත්ත
කුකුළු හාමි අර එන්නේ වී ටික කොටලා එන්නේ,කුකුළා අර එනවා වීකොටනවා එනවා
හංගපල්ල බෝල පිත්ත,හන්ගනවා බෝලය පිත්ත
පාඩම් පොත අරගන්නේ,පාඩම පොත ගන්නවා
සිතියම් පොත මම ගන්නේ,සිතියම පොත මම ගන්නවා
බඩ අල්ලං මම ඉන්නේ,බඩ මම ඉන්නවා
වයලීනය කොහෙද අනේ?,වයලීනය කොහෙද
මෙන්න හාල් මං ගෙනාවා,මෙන්න හාල් මම ගෙනෙනවා
කැවුම් කන්න ආස කෙනෙක් එන්න ඇවිත් පිටි කොටන්න,කැවුම කනවා කැමති අය එනවා පිටිකොටනවා
කවි පාඩම් කරනවා,කවිය පාඩම්කරනවා
තව වැඩ ගොඩක් ඇතේ,තව වැඩ ගොඩාක් තියෙනවා
මගේ ඔළුව කැක්කුම වගේ,මගේ ඔලුව රිදෙනවා
බඩත් තවම රිදෙනවා,බඩ රිදෙනවා
කැවුම් කන්න ආස කෙනෙක් කැවුම් උයා කාපල්ලා,කැවුම කන්න කැමති අය කැවුම උයනවා කනවා
ගින්දර අල්ලන්ඩ එපා අපේ අම්මා මට කිව්වා,ගින්දර අල්ලනවා එපා අපේ අම්මා මට කියනවා
කැවුම් කන්න පණු ගායට පුංචි එවුන්ට හොඳ නැහැල්ලු,කැවුම කනවා පණුවා ලෙඩ පොඩි අය හොඳ නෑ
මම නැහැ පැණි රහට කැමති,මම නෑ පැණි රස කැමති
හොඳයි කාටවත්ම බැරිනම් කැවුම් ටිකත් උයන්නන්කො,හොඳ හැමෝම බෑ කැවුම උයනවා
පිටිත් කොටාගෙන පැණිත් සොයාගෙන තෙලුත් සොයාගෙන දරත් සොයාගෙන ලිප හදල,පිටිකොටනවා පැණි සොයනවා තෙල් සොයනවා දර සොයනවා ලිප හදනවා
හරි සුවඳයි,හරි සුවඳ
පිඟන් ගෙනල්ලා කැවුම් කන්ට අපි යන්ට වරෙල්ලා,පිඟාන ගෙනෙනවා කැවුම් කනවා අපි යනවා එන්න
පිඟාන පිරිලා කැවුමෙන් මේසය උඩවෙයි,පිඟාන පිරිලා කැවුම මේසය මත
ඉවසුම් නෑ මී පැටවුන්ට කෑම රස කර කන්ට,ඉවසනවා නෑ මීයා කෑම කන්න
කුකුළුහාමි කරුණාවයි,කුකුළුහාමි කරුණික
අප ගැන අනුකම්පාවයි,අපි දුක
කැවුම් උයා මහන්සිද?,කැවුම් උයනවා මහන්සි ද
අපොයි ඕක සුළු වැඩක්,ඒක පොඩි වැඩ
ළමයි හට නෑනෙ නිවාඩුවක් සෙල්ලමකට,ළමයා නෑ නිවාඩු සෙල්ලම්
පොත පතේ වැඩ බොහෝමයි,පොත වැඩ ගොඩාක්
ගුරුතුමාද බොහොම වසයි,ගුරුතුමා ගොඩාක් නපුරු
ගෙදර වැඩත් නිතර තිබෙයි,ගෙදර වැඩ නිතර තියෙනවා
මහන්සි ඇති නේද ළමයි,ළමයා මහන්සි ද
කැවුම හරිම රසයි,කැවුම රස
හරිම සුවඳයි,ගොඩාක් සුවඳ
කවුදැයි කවුදයි වී කරල ගෙනාවේ,කවුද කවුද වීකරල ගෙනෙනවා
කුකුළු හාමිනේ රන්වන් වී කරල ගෙනාවේ,කුකුළා රත්තරන් වීකරල ගෙනෙනවා
ඉන් පිටි කොටලා ගත්තේ,ඒක පිටිකොටනවා ගන්නවා
කවුද කෑම ටික උයලා ගත්තෙ,කවුද කෑම උයනවා ගන්නවා
කුකුළු හාමිමයි උයලා ගත්තෙ,කුකුළා උයනවා
කවුද කැවුම් ටික කන්නට ඕනෑ,කැවුම් කනවා ඕනා කවුද
කුකුළු හාමිමයි කන්නට ඕනෑ,කුකුළා කනවා ඕනා
කිසිම වැඩක් බෑ,කිසිම වැඩ බෑ
පිටි කොටන්ට බෑ,පිටිකොටනවා බෑ
ඉතින් කැවුම් කන්ට බෑ,ඉතින් කැවුම් කනවා බෑ
දරුවනේ යන්ට එපා දරුවනේ,දරුවන් යනවා එපා දරුවන්
අදට කැවුම් කාපල්ලා,අද කැවුම් කනවා
නමුත් මේක අහපල්ලා,නමුත් මේක අහනවා
පුංචි අපිට දැන් තේරෙයි,කුඩා අපිට දැන් තේරුම්ගන්නවා
